ID;Gender;Age_months;Age_groups;AdditionalSupportNeeds;AgeMonths_midtesting;AgeGroup_midtesting;Mediansplit_midtesting_entiresample;TestingLocation;dropout;Reason_dropout;How_many_trials_valid;Trial;NumberSearches_AcrossPlatforms;Emptied_all_boxes;Number.Boxes.Emptied;Efficiency;nr_redundant_searches;ProportionCorrect_AcrossBothtrials;Platform1_WhichBox;Platform1_Position;Platform2_WhichBox;Platform2_Position;Strategy;Video;FirstEightSearches_inRespectiveTrial_EmptiedAllBoxes;FirstEightSearches_inRespectiveTrial_NumberBoxesEmptied_AcrossBothPlatforms;SearchesThreetoEight_NrBoxesEmptied_InRespectiveTrial_AcrossBothPlatforms;FirstEightSearches_inRespectiveTrial_Efficiency;SearchesThreetoEight_Efficiency_InRespectiveTrial_AcrossBothPlatforms;SearchesThreetoEight_ProportionCorrect_AcrossBothTrials_orInTrial1ForKidswithOnlyOneValidTrial;FirstEightSearches_ProportionCorrect_AcrossBothtrials_orInTrial1_ForKids_withOnly1ValidTrial;"P1P2_trial_correct (""correct"" meaning here that there were no redundant searches on either platform, i.e., efficiency = 1), yes = 1, no = 0";FirstFourSearchesOnPlatform1_NumberOfBoxesEmptied;Comment
11;f;62;5;no;63;5;old;Fife;no;;1 and 2;1;8;yes;8;1;0;1;green;4;green;1;yes;ID11_WM_InterferenceIB_f_5y;yes;8;6;1;1;1;1;1;4;
11;f;62;5;no;63;5;old;Fife;no;;1 and 2;2;8;yes;8;1;0;1;purple;3;purple;4;yes;ID11_WM_InterferenceIB_f_5y;yes;8;6;1;1;1;1;1;4;
12;f;62;5;no;63;5;old;Fife;no;;1 and 2;1;8;yes;8;1;0;0.769;green;4;blue;3;no;ID12_WM_InterferenceIB_f_5y;yes;8;6;1;1;0.8335;0.875;0;4;
12;f;62;5;no;63;5;old;Fife;no;;1 and 2;2;13;no;7;0.538;6;0.769;purple;4;yellow;1;no;ID12_WM_InterferenceIB_f_5y;no;6;4;0.75;0.666666667;0.8335;0.875;0;3;
10;m;43;3;no;44;3;young;Fife;no;;1 and 2;1;15;no;7;0.467;8;0.662;yellow;2;green;1;no;ID10_WM_InterferenceIB_m_3y;no;6;4;0.75;0.666666667;0.75;0.812;0;3;
10;m;43;3;no;44;3;young;Fife;no;;1 and 2;2;9;no;7;0.778;2;0.662;yellow;1;blue;2;no;ID10_WM_InterferenceIB_m_3y;no;7;5;0.875;0.833333333;0.75;0.812;0;3;
8;m;58;4;no;58;4;old;Fife;no;;1 and 2;1;11;no;7;0.636;4;0.762;yellow;2;green;4;no;ID8_WM_InterferenceIB_m_4y;no;6;4;0.75;0.666666667;0.75;0.812;0;3;
8;m;58;4;no;58;4;old;Fife;no;;1 and 2;2;9;yes;8;0.889;1;0.762;blue;3;yellow;1;no;ID8_WM_InterferenceIB_m_4y;no;7;5;0.875;0.833333333;0.75;0.812;0;3;
9;f;40;3;no;41;3;young;Fife;no;;1 and 2;1;9;no;7;0.778;2;0.826;purple;1;green;1;no;ID9_WM_InterferenceIB_f_3y;no;7;5;0.875;0.833333333;0.833;0.875;0;3;
9;f;40;3;no;41;3;young;Fife;no;;1 and 2;2;8;no;7;0.875;1;0.826;yellow;1;yellow;1;no;ID9_WM_InterferenceIB_f_3y;no;7;5;0.875;0.833333333;0.833;0.875;0;4;
1;m;61;5;no;62;5;old;Fife;no;;1 and 2;1;8;no;7;0.875;1;0.937;yellow;2;blue;3;no;ID1_WM_InterferenceIB_m_5y;no;7;5;0.875;0.833333333;0.916;0.937;0;4;
1;m;61;5;no;62;5;old;Fife;no;;1 and 2;2;8;yes;8;1;0;0.937;yellow;1;green;3;no;ID1_WM_InterferenceIB_m_5y;yes;8;6;1;1;0.916;0.937;0;4;
2;m;42;3;no information;42;3;young;Fife;no;;1 and 2;1;10;yes;8;0.8;2;0.691;green;4;yellow;2;no;ID2_WM_InterferenceIB_m_3y;no;6;4;0.75;0.666666667;0.667;0.75;0;3;
2;m;42;3;no information;42;3;young;Fife;no;;1 and 2;2;12;no;7;0.583;5;0.691;purple;4;yellow;1;no;ID2_WM_InterferenceIB_m_3y;no;6;4;0.75;0.666666667;0.667;0.75;0;3;
4;m;62;5;no information;63;5;old;Fife;no;;1 and 2;1;12;yes;8;0.667;4;0.708;green;4;yellow;2;no;ID4_WM_InterferenceIB_m_5y;no;6;4;0.75;0.666666667;0.667;0.75;0;3;
4;m;62;5;no information;63;5;old;Fife;no;;1 and 2;2;8;no;6;0.75;2;0.708;purple;4;yellow;1;no;ID4_WM_InterferenceIB_m_5y;no;6;4;0.75;0.666666667;0.667;0.75;0;4;
5;f;45;3;no information;46;3;young;Fife;no;;1 and 2;1;14;yes;8;0.571;6;0.619;green;4;yellow;2;no;ID5_WM_InterferenceIB_f_3y;no;5;3;0.625;0.5;0.583;0.687;0;3;
5;f;45;3;no information;46;3;young;Fife;no;;1 and 2;2;9;no;6;0.667;3;0.619;purple;4;yellow;1;no;ID5_WM_InterferenceIB_f_3y;no;6;4;0.75;0.666666667;0.583;0.687;0;2;
6;m;40;3;no;40;3;young;Fife;no;;1 and 2;1;16;yes;8;0.5;8;0.625;purple;1;green;1;no;ID6_WM_InterferenceIB_m_3y;no;5;3;0.625;0.5;0.583;0.687;0;2;
6;m;40;3;no;40;3;young;Fife;no;;1 and 2;2;8;no;6;0.75;2;0.625;yellow;1;yellow;1;no;ID6_WM_InterferenceIB_m_3y;no;6;4;0.75;0.666666667;0.583;0.687;0;4;
7;m;46;3;no information;46;3;young;Fife;no;;1 and 2;1;8;no;7;0.875;1;0.837;yellow;2;blue;3;no;ID7_WM_InterferenceIB_m_3y;no;7;5;0.875;0.833333333;0.75;0.812;0;4;
7;m;46;3;no information;46;3;young;Fife;no;;1 and 2;2;10;yes;8;0.8;2;0.837;purple;4;green;3;no;ID7_WM_InterferenceIB_m_3y;no;6;4;0.75;0.666666667;0.75;0.812;0;3;
3;m;43;3;no information;44;3;young;Fife;no;;1 and 2;1;8;no;7;0.875;1;0.882;green;4;green;1;no;ID3_WM_InterferenceIB_m_3y;no;7;5;0.875;0.833333333;0.833;0.875;0;4;
3;m;43;3;no information;44;3;young;Fife;no;;1 and 2;2;9;yes;8;0.889;1;0.882;purple;4;yellow;1;no;ID3_WM_InterferenceIB_m_3y;no;7;5;0.875;0.833333333;0.833;0.875;0;3;
14;m;43;3;no information;44;3;young;Fife;no;;1 and 2;1;8;no;7;0.875;1;0.729;purple;1;yellow;2;no;ID14_WM_InterferenceIB_m_3y;no;7;5;0.875;0.833333333;0.665;0.75;0;4;
14;m;43;3;no information;44;3;young;Fife;no;;1 and 2;2;12;no;7;0.583;5;0.729;purple;4;green;3;no;ID14_WM_InterferenceIB_m_3y;no;5;3;0.625;0.5;0.665;0.75;0;2;
13;f;41;3;no;42;3;young;Fife;yes;yes, stopped reacting in both trials, did not reach 8 searches in either trial;0;1;4;;4;1;0;;blue;3;yellow;2;no;ID13_WM_InterferenceIB_f_3y;;;;;;;;0;2;
13;f;41;3;no;42;3;young;Fife;yes;yes, stopped reacting in both trials, did not reach 8 searches in either trial;0;2;7;no;6;0.857;1;;green;2;yellow;1;no;ID13_WM_InterferenceIB_f_3y;;;;;;;;0;3;
30;m;51;4;no;52;4;old;Fife;no;;1 and 2;1;13;yes;8;0.615;5;0.622;yellow;2;green;1;no;ID30_WM_InterferenceIB_AdditionalTask_Smarties_m_4y;no;6;4;0.75;0.666666667;0.583;0.687;0;3;
30;m;51;4;no;52;4;old;Fife;no;;1 and 2;2;11;no;7;0.636;4;0.622;blue;3;green;1;no;ID30_WM_InterferenceIB_AdditionalTask_Smarties_m_4y;no;5;3;0.625;0.5;0.583;0.687;0;2;
29;f;49;4;no;50;4;old;Fife;no;;1 and 2;1;17;no;7;0.412;10;0.643;blue;3;green;1;no;ID29_WM_InterferenceIB_AdditionalTask_Smarties_f_4y;no;6;4;0.75;0.666666667;0.75;0.812;0;3;
29;f;49;4;no;50;4;old;Fife;no;;1 and 2;2;8;no;7;0.875;1;0.643;purple;4;yellow;1;no;ID29_WM_InterferenceIB_AdditionalTask_Smarties_f_4y;no;7;5;0.875;0.833333333;0.75;0.812;0;4;
31;f;44;3;no;44;3;young;Fife;no;;1 and 2;1;18;yes;8;0.444;10;0.572;green;4;green;1;no;ID31_WM_InterferenceIB_AdditionalTask_Smarties_f_3y_ID32_WM_InterferenceIB_AdditionalTask_Smarties_f_3y;no;6;4;0.75;0.666666667;0.667;0.75;0;3;
31;f;44;3;no;44;3;young;Fife;no;;1 and 2;2;10;no;7;0.7;3;0.572;purple;4;blue;2;no;ID31_WM_InterferenceIB_AdditionalTask_Smarties_f_3y_ID32_WM_InterferenceIB_AdditionalTask_Smarties_f_3y;no;6;4;0.75;0.666666667;0.667;0.75;0;3;
32;f;43;3;no;43;3;young;Fife;no;;1 and 2;1;14;no;7;0.5;7;0.687;green;4;yellow;2;no;ID31_WM_InterferenceIB_AdditionalTask_Smarties_f_3y_ID32_WM_InterferenceIB_AdditionalTask_Smarties_f_3y;no;6;4;0.75;0.666666667;0.75;0.812;0;3;
32;f;43;3;no;43;3;young;Fife;no;;1 and 2;2;8;no;7;0.875;1;0.687;yellow;1;yellow;1;no;ID31_WM_InterferenceIB_AdditionalTask_Smarties_f_3y_ID32_WM_InterferenceIB_AdditionalTask_Smarties_f_3y;no;7;5;0.875;0.833333333;0.75;0.812;0;4;
25;f;51;4;no;51;4;old;Edinburgh;no;;1 and 2;1;10;no;7;0.7;3;0.583;green;4;yellow;2;no;ID25_WM_InterferenceIB_f_4y;no;5;3;0.625;0.5;0.5;0.625;0;3;
25;f;51;4;no;51;4;old;Edinburgh;no;;1 and 2;2;15;no;7;0.466666667;8;0.583;yellow;2;purple;4;no;ID25_WM_InterferenceIB_f_4y;no;5;3;0.625;0.5;0.5;0.625;0;3;
24;f;55;4;no;56;4;old;Edinburgh;no;;1 and 2;1;8;no;7;0.875;1;0.778;purple;1;green;1;no;ID24_WM_InterferenceIB_f_4y;no;7;5;0.875;0.833333333;0.833;0.875;0;4;number of rounds in the first trial is 8 but was coded as 9, this is corrected.
24;f;55;4;no;56;4;old;Edinburgh;no;;1 and 2;2;9;no;7;0.777777778;2;0.778;yellow;1;yellow;1;no;ID24_WM_InterferenceIB_f_4y;no;7;5;0.875;0.833333333;0.833;0.875;0;4;
17;f;39;3;no;40;3;young;Edinburgh;no;;1 and 2;1;12;yes;8;0.666666667;4;0.633;purple;1;green;1;no;ID17_WM_InterferenceIB_f_3y_1;no;6;4;0.75;0.666666667;0.667;0.75;0;3;
17;f;39;3;no;40;3;young;Edinburgh;no;;1 and 2;2;10;no;6;0.6;4;0.633;purple;4;blue;2;no;ID17_WM_InterferenceIB_f_3y_2;no;6;4;0.75;0.666666667;0.667;0.75;0;2;
26;m;49;4;no;52;4;old;Fife;no;;1 and 2;1;10;no;7;0.7;3;0.517;green;4;blue;3;no;ID26_WM_InterferenceIB_AdditionalTask_Smarties_m_4y;no;6;4;0.75;0.666666667;0.5;0.625;0;3;
26;m;49;4;no;52;4;old;Fife;no;;1 and 2;2;18;no;6;0.333333333;12;0.517;blue;3;green;1;no;ID26_WM_InterferenceIB_AdditionalTask_Smarties_m_4y;no;4;2;0.5;0.333333333;0.5;0.625;0;2;
28;m;47;3;Speech is slightly impaired;49;4;young;Fife;no;;1 and 2;1;8;yes;8;1;0;0.793;yellow;2;yellow;2;yes;ID28_WM_InterferenceIB_AdditionalTask_Smarties_m_3y;yes;8;6;1;1;0.916;0.937;0;4;
28;m;47;3;Speech is slightly impaired;49;4;young;Fife;no;;1 and 2;2;8;no;7;0.875;1;0.793;yellow;1;yellow;1;no;ID28_WM_InterferenceIB_AdditionalTask_Smarties_m_3y;no;7;5;0.875;0.833333333;0.916;0.937;0;4;
35;m;37;3;no;38;3;young;Fife;no;;1 and 2;1;14;no;7;0.5;7;0.542;yellow;2;green;1;no;ID35_WM_InterferenceIB_AdditionalTask_Smarties_m_3y;no;6;4;0.75;0.666666667;0.583;0.687;0;3;
35;m;37;3;no;38;3;young;Fife;no;;1 and 2;2;12;no;7;0.583333333;5;0.542;purple;4;yellow;1;no;ID35_WM_InterferenceIB_AdditionalTask_Smarties_m_3y;no;5;3;0.625;0.5;0.583;0.687;0;3;
37;f;37;3;no;40;3;young;Fife;no;;1 and 2;1;10;no;6;0.6;4;0.689;purple;1;purple;4;no;ID37_WM_InterferenceIB_AdditionalTask_Smarties_f_3y;no;5;3;0.625;0.5;0.665;0.75;0;3;
37;f;37;3;no;40;3;young;Fife;no;;1 and 2;2;9;no;7;0.777777778;2;0.689;green;2;yellow;1;no;ID37_WM_InterferenceIB_AdditionalTask_Smarties_f_3y;no;7;5;0.875;0.833333333;0.665;0.75;0;3;
36;m;38;3;no;41;3;young;Fife;no;;1 and 2;1;9;no;6;0.666666667;3;0.733;yellow;2;yellow;2;no;ID36_WM_InterferenceIB_AdditionalTask_Smarties_m_3y;no;6;4;0.75;0.666666667;0.667;0.75;0;2;
36;m;38;3;no;41;3;young;Fife;no;;1 and 2;2;10;yes;8;0.8;2;0.733;blue;3;yellow;1;no;ID36_WM_InterferenceIB_AdditionalTask_Smarties_m_3y;no;6;4;0.75;0.666666667;0.667;0.75;0;3;
33;f;46;3;mild developmental delay, non epileptic episode, sensory issues;47;3;young;Fife;no;;1 and 2;1;8;no;6;0.75;2;0.675;yellow;2;yellow;2;no;ID33_WM_InterferenceIB_AdditionalTask_Smarties_f_3y_1, ID33_WM_InterferenceIB_AdditionalTask_Smarties_f_3y_2;no;6;4;0.75;0.666666667;0.583;0.687;0;4;
33;f;46;3;mild developmental delay, non epileptic episode, sensory issues;47;3;young;Fife;no;;1 and 2;2;10;no;6;0.6;4;0.675;yellow;2;yellow;1;no;ID33_WM_InterferenceIB_AdditionalTask_Smarties_f_3y_1, ID33_WM_InterferenceIB_AdditionalTask_Smarties_f_3y_6;no;5;3;0.625;0.5;0.583;0.687;0;3;
34;f;46;3;global developmental delay;46;3;young;Fife;no;;1 and 2;1;9;no;7;0.777777778;2;0.655;blue;3;green;1;no;ID34_WM_InterferenceIB_AdditionalTask_Smarties_f_3y;no;7;5;0.875;0.833333333;0.666;0.75;0;3;
34;f;46;3;global developmental delay;46;3;young;Fife;no;;1 and 2;2;15;yes;8;0.533333333;7;0.655;blue;3;yellow;1;no;ID34_WM_InterferenceIB_AdditionalTask_Smarties_f_3y;no;5;3;0.625;0.5;0.666;0.75;0;2;
39;m;45;3;Myoclonic astatic epilepsy (doose syndrome);46;3;young;Edinburgh;no;;1 and 2;1;16;no;7;0.4375;9;0.488;yellow;2;yellow;2;no;ID39_WM_InterferenceIB_AdditionalTask_Smarties_m_3y;no;6;4;0.75;0.666666667;0.667;0.75;0;3;
39;m;45;3;Myoclonic astatic epilepsy (doose syndrome);46;3;young;Edinburgh;no;;1 and 2;2;13;no;7;0.538461538;6;0.488;purple;4;blue;2;no;ID39_WM_InterferenceIB_AdditionalTask_Smarties_m_3y;no;6;4;0.75;0.666666667;0.667;0.75;0;3;
15;f;53;4;no information;54;4;old;Edinburgh;no;;1 and 2;1;8;no;7;0.875;1;0.756;yellow;2;green;2;no;ID15_WM_InterferenceIB_AdditionalTask_Smarties_f_4y;no;7;5;0.875;0.833333333;0.75;0.812;0;4;
15;f;53;4;no information;54;4;old;Edinburgh;no;;1 and 2;2;11;no;7;0.636363636;4;0.756;purple;4;blue;2;no;ID15_WM_InterferenceIB_AdditionalTask_Smarties_f_4y;no;6;4;0.75;0.666666667;0.75;0.812;0;3;
38;m;44;3;no;46;3;young;Edinburgh;no;;1 and 2;1;8;yes;8;1;0;0.937;blue;3;blue;3;no;ID38_WM_InterferenceIB_AdditionalTask_Smarties_m_3y;yes;8;6;1;1;0.916;0.937;0;4;
38;m;44;3;no;46;3;young;Edinburgh;no;;1 and 2;2;8;no;7;0.875;1;0.937;yellow;1;yellow;1;no;ID38_WM_InterferenceIB_AdditionalTask_Smarties_m_3y;no;7;5;0.875;0.833333333;0.916;0.937;0;4;
40;f;53;4;no;54;4;old;Edinburgh;no;;1 and 2;1;9;no;7;0.777777778;2;0.778;green;4;yellow;2;no;ID40_WM_InterferenceIB_AdditionalTask_Smarties_f_4y;no;6;4;0.75;0.666666667;0.75;0.812;0;2;
40;f;53;4;no;54;4;old;Edinburgh;no;;1 and 2;2;9;no;7;0.777777778;2;0.778;purple;4;yellow;1;no;ID40_WM_InterferenceIB_AdditionalTask_Smarties_f_4y;no;7;5;0.875;0.833333333;0.75;0.812;0;3;
18;f;43;3;no information;44;3;young;Edinburgh;no;;1 and 2;1;12;no;7;0.583333333;5;0.763;purple;1;green;1;no;ID18_WM_InterferenceIB_AdditionalTask_Smarties_f_3y;no;6;4;0.75;0.666666667;0.75;0.812;0;3;
18;f;43;3;no information;44;3;young;Edinburgh;no;;1 and 2;2;9;yes;8;0.888888889;1;0.763;blue;3;yellow;1;no;ID18_WM_InterferenceIB_AdditionalTask_Smarties_f_3y;no;7;5;0.875;0.833333333;0.75;0.812;0;3;
43;m;40;3;no;40;3;young;Edinburgh;no;in trial 2, didn't want to play after first error;1;1;8;yes;8;1;0;;green;4;yellow;2;no;ID43_WM_InterferenceIB_m_3y;yes;8;6;1;1;1;1;1;4;
41;m;54;4;no;54;4;old;Edinburgh;no;;1 and 2;1;9;yes;8;0.888888889;1;0.944;yellow;2;yellow;2;no;ID41_WM_InterferenceIB_m_4y;no;7;5;0.875;0.833333333;0.916;0.937;0;3;
41;m;54;4;no;54;4;old;Edinburgh;no;;1 and 2;2;8;yes;8;1;0;0.944;yellow;1;yellow;1;yes;ID41_WM_InterferenceIB_m_4y;yes;8;6;1;1;0.916;0.937;0;4;
44;m;42;3;no;43;3;young;Edinburgh;no;;1 and 2;1;12;yes;8;0.666666667;4;0.733;yellow;2;yellow;2;no;ID44_WM_InterferenceIB_m_3y;no;6;4;0.75;0.666666667;0.667;0.75;0;3;
44;m;42;3;no;43;3;young;Edinburgh;no;;1 and 2;2;10;yes;8;0.8;2;0.733;yellow;1;yellow;1;no;ID44_WM_InterferenceIB_m_3y;no;6;4;0.75;0.666666667;0.667;0.75;0;3;
42;f;55;4;no;56;4;old;Edinburgh;no;;1 and 2;1;9;yes;8;0.888888889;1;0.889;purple;1;purple;4;no;ID42_WM_InterferenceIB_f_4y;no;7;5;0.875;0.833333333;0.833;0.875;0;3;
42;f;55;4;no;56;4;old;Edinburgh;no;;1 and 2;2;9;yes;8;0.888888889;1;0.889;purple;4;purple;4;no;ID42_WM_InterferenceIB_f_4y;no;7;5;0.875;0.833333333;0.833;0.875;0;3;
27;f;53;4;no;55;4;old;Fife;no;;1 and 2;1;8;no;7;0.875;1;0.656;yellow;2;green;1;no;ID27_WM_InterferenceIB_AdditionalTask_Smarties_f_4y;no;7;5;0.875;0.833333333;0.75;0.812;0;4;
27;f;53;4;no;55;4;old;Fife;no;;1 and 2;2;16;no;7;0.4375;9;0.656;purple;4;blue;2;no;ID27_WM_InterferenceIB_AdditionalTask_Smarties_f_4y;no;6;4;0.75;0.666666667;0.75;0.812;0;3;
51;f;41;3;no information;43;3;young;Fife;no;;1 and 2;1;8;yes;8;1;0;0.937;yellow;2;green;1;no;ID51_WM_InterferenceIB_f_3y;yes;8;6;1;1;0.916;0.937;0;4;
51;f;41;3;no information;43;3;young;Fife;no;;1 and 2;2;8;no;7;0.875;1;0.937;blue;3;yellow;1;no;ID51_WM_InterferenceIB_f_3y;no;7;5;0.875;0.833333333;0.916;0.937;0;4;
20;f;53;4;suffers from prolonged febrile convulsions;56;4;old;Fife;no;;1 and 2;1;8;no;7;0.875;1;0.882;yellow;2;yellow;2;no;ID20_WM_InterferenceIB_f_4y;no;7;5;0.875;0.833333333;0.833;0.875;0;4;
20;f;53;4;suffers from prolonged febrile convulsions;56;4;old;Fife;no;;1 and 2;2;9;yes;8;0.888888889;1;0.882;blue;3;yellow;1;no;ID20_WM_InterferenceIB_f_4y;no;7;5;0.875;0.833333333;0.833;0.875;0;3;
50;f;43;3;no information;45;3;young;Fife;no;;1 and 2;1;14;yes;8;0.571428571;6;0.504;yellow;2;yellow;2;no;ID50_WM_InterferenceIB_f_3y;no;6;4;0.75;0.666666667;0.667;0.75;0;3;
50;f;43;3;no information;45;3;young;Fife;no;;1 and 2;2;16;no;7;0.4375;9;0.504;yellow;1;yellow;1;no;ID50_WM_InterferenceIB_f_3y;no;6;4;0.75;0.666666667;0.667;0.75;0;3;
23;f;51;4;no;54;4;old;Fife;no;;1 and 2;1;12;no;6;0.5;6;0.542;purple;1;blue;3;no;ID23_WM_InterferenceIB_f_4y;no;6;4;0.75;0.666666667;0.667;0.75;0;3;
23;f;51;4;no;54;4;old;Fife;no;;1 and 2;2;12;no;7;0.583333333;5;0.542;purple;4;blue;2;no;ID23_WM_InterferenceIB_f_4y;no;6;4;0.75;0.666666667;0.667;0.75;0;3;
60;m;48;4;no;49;4;young;Edinburgh;no;;1 and 2;1;9;yes;8;0.888888889;1;0.794;yellow;2;green;1;no;ID60_WM_InterferenceIB_m_4y;no;7;5;0.875;0.833333333;0.75;0.812;0;3;
60;m;48;4;no;49;4;young;Edinburgh;no;;1 and 2;2;10;no;7;0.7;3;0.794;yellow;1;blue;2;no;ID60_WM_InterferenceIB_m_4y;no;6;4;0.75;0.666666667;0.75;0.812;0;3;
55;m;43;3;no;44;3;young;Edinburgh;no;;1 and 2;1;10;no;7;0.7;3;0.683;green;4;blue;3;no;ID55_WM_InterferenceIB_m_3y;no;6;4;0.75;0.666666667;0.583;0.687;0;3;
55;m;43;3;no;44;3;young;Edinburgh;no;;1 and 2;2;12;yes;8;0.666666667;4;0.683;purple;4;yellow;1;no;ID55_WM_InterferenceIB_m_3y;no;5;3;0.625;0.5;0.583;0.687;0;2;
62;f;47;3;no;47;3;young;Edinburgh;no;;1 and 2;1;10;no;7;0.7;3;0.85;green;4;yellow;2;no;ID62_WM_InterferenceIB_f_3y;no;6;4;0.75;0.666666667;0.833;0.875;0;3;
62;f;47;3;no;47;3;young;Edinburgh;no;;1 and 2;2;8;yes;8;1;0;0.85;purple;4;purple;4;no;ID62_WM_InterferenceIB_f_3y;yes;8;6;1;1;0.833;0.875;0;4;
58;m;50;4;no;51;4;old;Edinburgh;no;;1 and 2;1;8;yes;8;1;0;1;purple;1;blue;3;no;ID58_WM_InterferenceIB_m_4y;yes;8;6;1;1;1;1;1;4;
58;m;50;4;no;51;4;old;Edinburgh;no;;1 and 2;2;8;yes;8;1;0;1;yellow;1;yellow;1;no;ID58_WM_InterferenceIB_m_4y;yes;8;6;1;1;1;1;1;4;
56;m;44;3;no;44;3;young;Edinburgh;no;;1 and 2;1;10;yes;8;0.8;2;0.75;purple;1;green;1;no;ID56_WM_InterferenceIB_m_3y;no;6;4;0.75;0.666666667;0.667;0.75;0;3;
56;m;44;3;no;44;3;young;Edinburgh;no;;1 and 2;2;10;no;7;0.7;3;0.75;yellow;1;yellow;1;no;ID56_WM_InterferenceIB_m_3y;no;6;4;0.75;0.666666667;0.667;0.75;0;3;
54;m;51;4;no;52;4;old;Edinburgh;no;;1 and 2;1;9;yes;8;0.888888889;1;0.882;blue;3;purple;4;no;ID54_WM_InterferenceIB_m_4y;no;7;5;0.875;0.833333333;0.833;0.875;0;3;
54;m;51;4;no;52;4;old;Edinburgh;no;;1 and 2;2;8;no;7;0.875;1;0.882;blue;3;green;3;no;ID54_WM_InterferenceIB_m_4y;no;7;5;0.875;0.833333333;0.833;0.875;0;4;
73;m;39;3;no;40;3;young;Edinburgh;no;;1 and 2;1;9;no;7;0.777777778;2;0.739;blue;3;yellow;2;no;ID73_WM_InterferenceIB_m_3y;no;7;5;0.875;0.833333333;0.75;0.812;0;3;
73;m;39;3;no;40;3;young;Edinburgh;no;;1 and 2;2;10;no;7;0.7;3;0.739;yellow;1;yellow;1;no;ID73_WM_InterferenceIB_m_3y;no;6;4;0.75;0.666666667;0.75;0.812;0;3;
59;m;52;4;no;53;4;old;Edinburgh;no;;1 and 2;1;8;no;6;0.75;2;0.667;yellow;2;green;1;no;ID59_WM_InterferenceIB_m_4y;no;6;4;0.75;0.666666667;0.583;0.687;0;4;
59;m;52;4;no;53;4;old;Edinburgh;no;;1 and 2;2;12;no;7;0.583333333;5;0.667;purple;4;yellow;1;no;ID59_WM_InterferenceIB_m_4y;no;5;3;0.625;0.5;0.583;0.687;0;3;
64;m;37;3;no;38;3;young;Edinburgh;no;stopped in trial 1 after 8 didn’t do trial 2;1;1;8;no;6;0.75;2;;yellow;2;green;1;no;ID64_WM_InterferenceIB_m_3y;no;6;4;0.75;0.666666667;0.667;0.75;0;3;
65;m;36;3;no;36;3;young;Edinburgh;no;;1 and 2;1;8;yes;8;1;0;0.639;yellow;2;yellow;2;yes;deleted per request;yes;8;6;1;1;0.75;0.812;0;4;
65;m;36;3;no;36;3;young;Edinburgh;no;;1 and 2;2;18;no;5;0.277777778;13;0.639;green;2;purple;4;no;deleted per request;no;5;3;0.625;0.5;0.75;0.812;0;3;
74;f;38;3;no;38;3;young;Edinburgh;no;;1 and 2;1;8;yes;8;1;0;0.944;purple;1;green;1;no;ID74_WM_InterferenceIB_f_3y;yes;8;6;1;1;0.916;0.937;0;4;
74;f;38;3;no;38;3;young;Edinburgh;no;;1 and 2;2;9;yes;8;0.888888889;1;0.944;green;2;blue;2;no;ID74_WM_InterferenceIB_f_3y;no;7;5;0.875;0.833333333;0.916;0.937;0;3;
79;f;45;3;no;46;3;young;Fife;no;;1 and 2;1;8;yes;8;1;0;0.937;yellow;2;blue;3;no;ID79_WM_InterferenceIB_f_3y;yes;8;6;1;1;0.916;0.937;0;4;
79;f;45;3;no;46;3;young;Fife;no;;1 and 2;2;8;no;7;0.875;1;0.937;yellow;1;yellow;1;no;ID79_WM_InterferenceIB_f_3y;no;7;5;0.875;0.833333333;0.916;0.937;0;4;
76;m;51;4;no;52;4;old;Fife;no;;1 and 2;1;8;yes;8;1;0;0.937;yellow;2;green;1;no;ID76_WM_InterferenceIB_m_4y;yes;8;6;1;1;0.916;0.937;0;4;
76;m;51;4;no;52;4;old;Fife;no;;1 and 2;2;8;no;7;0.875;1;0.937;yellow;1;yellow;1;no;ID76_WM_InterferenceIB_m_4y;no;7;5;0.875;0.833333333;0.916;0.937;0;4;
75;f;39;3;no;40;3;young;Fife;no;;1 and 2;1;12;yes;8;0.666666667;4;0.683;yellow;2;yellow;2;no;ID75_WM_InterferenceIB_f_3y;no;6;4;0.75;0.666666667;0.667;0.75;0;3;
75;f;39;3;no;40;3;young;Fife;no;;1 and 2;2;10;no;7;0.7;3;0.683;yellow;1;yellow;1;no;ID75_WM_InterferenceIB_f_3y;no;6;4;0.75;0.666666667;0.667;0.75;0;3;
77;f;41;3;no information;42;3;young;Fife;no;;1 and 2;1;8;yes;8;1;0;0.769;yellow;2;green;1;no;ID77_WM_InterferenceIB_f_3y;yes;8;6;1;1;0.833;0.875;0;4;
77;f;41;3;no information;42;3;young;Fife;no;;1 and 2;2;13;no;7;0.538461538;6;0.769;yellow;1;yellow;1;no;ID77_WM_InterferenceIB_f_3y;no;6;4;0.75;0.666666667;0.833;0.875;0;3;
82;f;39;3;no;42;3;young;Fife;no;;1 and 2;1;11;no;7;0.636363636;4;0.818;yellow;2;yellow;2;no;ID82_WM_InterferenceIB_f_3y;no;6;4;0.75;0.666666667;0.833;0.875;0;3;
82;f;39;3;no;42;3;young;Fife;no;;1 and 2;2;8;yes;8;1;0;0.818;yellow;1;yellow;1;no;ID82_WM_InterferenceIB_f_3y;yes;8;6;1;1;0.833;0.875;0;4;
80;f;43;3;no information;45;3;young;Fife;no;;1 and 2;1;8;no;6;0.75;2;0.764;green;4;yellow;2;no;ID80_WM_InterferenceIB_f_3y;no;6;4;0.75;0.666666667;0.75;0.812;0;4;
80;f;43;3;no information;45;3;young;Fife;no;;1 and 2;2;9;no;7;0.777777778;2;0.764;yellow;1;yellow;1;no;ID80_WM_InterferenceIB_f_3y;no;7;5;0.875;0.833333333;0.75;0.812;0;3;
85;f;35;2;no information;36;3;young;Fife;no;;1 and 2;1;13;no;7;0.538461538;6;0.707;green;4;yellow;2;no;ID85_WM_InterferenceIB_f_2y;no;6;4;0.75;0.666666667;0.75;0.812;0;3;
85;f;35;2;no information;36;3;young;Fife;no;;1 and 2;2;8;no;7;0.875;1;0.707;blue;3;yellow;1;no;ID85_WM_InterferenceIB_f_2y;no;7;5;0.875;0.833333333;0.75;0.812;0;4;
78;m;41;3;no;43;3;young;Fife;no;;1 and 2;1;8;yes;8;1;0;1;green;4;yellow;2;no;ID78_WM_InterferenceIB_m_3y;yes;8;6;1;1;1;1;1;4;
78;m;41;3;no;43;3;young;Fife;no;;1 and 2;2;8;yes;8;1;0;1;blue;3;blue;2;no;ID78_WM_InterferenceIB_m_3y;yes;8;6;1;1;1;1;1;4;
84;f;50;4;no;52;4;old;Fife;no;;1 and 2;1;8;no;7;0.875;1;0.826;yellow;2;green;1;no;ID84_WM_InterferenceIB_f_4y;no;7;5;0.875;0.833333333;0.833;0.875;0;4;
84;f;50;4;no;52;4;old;Fife;no;;1 and 2;2;9;no;7;0.777777778;2;0.826;blue;3;green;1;no;ID84_WM_InterferenceIB_f_4y;no;7;5;0.875;0.833333333;0.833;0.875;0;3;
86;m;49;4;no;52;4;old;Fife;no;;1 and 2;1;10;no;7;0.7;3;0.787;yellow;2;green;1;no;ID86_WM_InterferenceIB_m_4y;no;6;4;0.75;0.666666667;0.75;0.812;0;3;
86;m;49;4;no;52;4;old;Fife;no;;1 and 2;2;8;no;7;0.875;1;0.787;yellow;1;yellow;1;no;ID86_WM_InterferenceIB_m_4y;no;7;5;0.875;0.833333333;0.75;0.812;0;4;
83;f;50;4;no information;52;4;old;Fife;no;;1 and 2;1;8;no;6;0.75;2;0.75;green;4;green;1;no;ID83_WM_InterferenceIB_f_4y;no;6;4;0.75;0.666666667;0.667;0.75;0;4;
83;f;50;4;no information;52;4;old;Fife;no;;1 and 2;2;8;no;6;0.75;2;0.75;green;2;yellow;1;no;ID83_WM_InterferenceIB_f_4y;no;6;4;0.75;0.666666667;0.667;0.75;0;4;
72;m;58;4;speech is not great and so can be difficult to understand sometimes;60;5;old;Fife;no;;1 and 2;1;9;no;7;0.777777778;2;0.778;green;4;green;1;no;ID72_WM_InterferenceIB_m_4y;no;7;5;0.875;0.833333333;0.75;0.812;0;3;
72;m;58;4;speech is not great and so can be difficult to understand sometimes;60;5;old;Fife;no;;1 and 2;2;9;no;7;0.777777778;2;0.778;purple;4;yellow;1;no;ID72_WM_InterferenceIB_m_4y;no;6;4;0.75;0.666666667;0.75;0.812;0;2;
71;f;50;4;no;52;4;old;Fife;no;;1 and 2;1;8;no;7;0.875;1;0.812;yellow;2;green;1;no;ID71_WM_InterferenceIB_f_4y;no;7;5;0.875;0.833333333;0.75;0.812;0;4;
71;f;50;4;no;52;4;old;Fife;no;;1 and 2;2;8;no;6;0.75;2;0.812;yellow;1;yellow;1;no;ID71_WM_InterferenceIB_f_4y;no;6;4;0.75;0.666666667;0.75;0.812;0;4;when opened empty box, said that E must have forgotten that box
70;f;50;4;no;52;4;old;Fife;no;;1 and 2;1;8;yes;8;1;0;0.85;yellow;2;green;1;no;ID70_WM_InterferenceIB_f_4y;yes;8;6;1;1;0.833;0.875;0;4;
70;f;50;4;no;52;4;old;Fife;no;;1 and 2;2;10;no;7;0.7;3;0.85;purple;4;yellow;1;no;ID70_WM_InterferenceIB_f_4y;no;6;4;0.75;0.666666667;0.833;0.875;0;3;
19;f;37;3;no;39;3;young;Fife;no;;1 and 2;1;11;no;7;0.636363636;4;0.668;blue;3;yellow;2;no;ID19_WM_InterferenceIB_f_3y;no;6;4;0.75;0.666666667;0.667;0.75;0;3;
19;f;37;3;no;39;3;young;Fife;no;;1 and 2;2;10;no;7;0.7;3;0.668;purple;4;yellow;1;no;ID19_WM_InterferenceIB_f_3y;no;6;4;0.75;0.666666667;0.667;0.75;0;3;
21;f;41;3;no information;43;3;young;Fife;no;;1 and 2;1;8;yes;8;1;0;;yellow;2;yellow;2;no;ID21_WM_InterferenceIB_f_3y;yes;8;6;1;1;0.833;0.875;0;4;"in trial 2, said ""I don't think I can find it"" and stopped. This child is not treated as a dropout, as the child does have 8 searches"
21;f;41;3;no information;43;3;young;Fife;no;;1 and 2;2;8;no;6;0.75;2;;yellow;1;yellow;1;no;ID21_WM_InterferenceIB_f_3y;no;6;4;0.75;0.666666667;0.833;0.875;0;3;
87;f;52;4;no;54;4;old;Fife;no;;1 and 2;1;14;yes;8;0.571428571;6;0.73;green;4;yellow;2;no;ID87_WM_InterferenceIB_f_4y;no;6;4;0.75;0.666666667;0.75;0.812;0;3;
87;f;52;4;no;54;4;old;Fife;no;;1 and 2;2;9;yes;8;0.888888889;1;0.73;blue;3;yellow;1;no;ID87_WM_InterferenceIB_f_4y;no;7;5;0.875;0.833333333;0.75;0.812;0;3;
89;m;43;3;no;45;3;young;Fife;no;;1 and 2;1;12;no;7;0.583333333;5;0.561;yellow;2;green;1;no;ID89_WM_InterferenceIB_m_3y;no;6;4;0.75;0.666666667;0.667;0.75;0;3;
89;m;43;3;no;45;3;young;Fife;no;;1 and 2;2;13;no;7;0.538461538;6;0.561;purple;4;green;3;no;ID89_WM_InterferenceIB_m_3y;no;6;4;0.75;0.666666667;0.667;0.75;0;3;
91;f;38;3;no;40;3;young;Fife;no;;1 and 2;1;15;no;7;0.466666667;8;0.469;green;4;yellow;2;no;ID91_WM_InterferenceIB_f_3y;no;6;4;0.75;0.666666667;0.5;0.625;0;3;
91;f;38;3;no;40;3;young;Fife;no;;1 and 2;2;17;yes;8;0.470588235;9;0.469;green;2;yellow;1;no;ID91_WM_InterferenceIB_f_3y;no;4;2;0.5;0.333333333;0.5;0.625;0;2;
92;m;50;4;no;51;4;old;Fife;no;;1 and 2;1;8;no;7;0.875;1;0.707;green;4;yellow;2;no;ID92_WM_InterferenceIB_m_4y;no;7;5;0.875;0.833333333;0.75;0.812;0;4;
92;m;50;4;no;51;4;old;Fife;no;;1 and 2;2;13;no;7;0.538461538;6;0.707;purple;4;green;3;no;ID92_WM_InterferenceIB_m_4y;no;6;4;0.75;0.666666667;0.75;0.812;0;3;
93;f;45;3;no information;46;3;young;Fife;no;;1 and 2;1;17;no;7;0.411764706;10;0.595;green;4;yellow;2;no;ID93_WM_InterferenceIB_f_3y;no;6;4;0.75;0.666666667;0.667;0.75;0;3;
93;f;45;3;no information;46;3;young;Fife;no;;1 and 2;2;9;no;7;0.777777778;2;0.595;blue;3;yellow;1;no;ID93_WM_InterferenceIB_f_3y;no;6;4;0.75;0.666666667;0.667;0.75;0;2;
95;f;45;3;no information;47;3;young;Fife;no;;1 and 2;1;9;yes;8;0.888888889;1;0.944;green;4;blue;3;no;ID95_WM_InterferenceIB_f_3y;no;7;5;0.875;0.833333333;0.916;0.937;0;3;
95;f;45;3;no information;47;3;young;Fife;no;;1 and 2;2;8;yes;8;1;0;0.944;green;2;green;3;yes;ID95_WM_InterferenceIB_f_3y;yes;8;6;1;1;0.916;0.937;0;4;
96;m;54;4;Speech Therapy;56;4;old;Fife;no;;1 and 2;1;8;no;7;0.875;1;0.875;blue;3;blue;3;no;ID96_WM_InterferenceIB_m_4y;no;7;5;0.875;0.833333333;0.833;0.875;0;4;
96;m;54;4;Speech Therapy;56;4;old;Fife;no;;1 and 2;2;8;no;7;0.875;1;0.875;blue;3;blue;2;no;ID96_WM_InterferenceIB_m_4y;no;7;5;0.875;0.833333333;0.833;0.875;0;4;
98;f;46;3;speech + language;47;3;young;Fife;no;;1 and 2;1;10;no;7;0.7;3;0.642;yellow;2;blue;3;no;ID98_WM_InterferenceIB_f3_y;no;5;3;0.625;0.5;0.583;0.687;0;3;
98;f;46;3;speech + language;47;3;young;Fife;no;;1 and 2;2;12;no;7;0.583333333;5;0.642;yellow;1;yellow;1;no;ID98_WM_InterferenceIB_f3_y;no;6;4;0.75;0.666666667;0.583;0.687;0;3;
97;m;53;4;no information;55;4;old;Fife;no;;1 and 2;1;9;yes;8;0.888888889;1;0.882;blue;3;blue;3;no;ID97_WM_InterferenceIB_m_4y;no;7;5;0.875;0.833333333;0.833;0.875;0;3;"verbalises somwehat (""take the same one"", ""so we never did this one"", ""so which box did I never do?"""
97;m;53;4;no information;55;4;old;Fife;no;;1 and 2;2;8;no;7;0.875;1;0.882;blue;3;blue;2;no;ID97_WM_InterferenceIB_m_4y;no;7;5;0.875;0.833333333;0.833;0.875;0;4;
99;f;45;3;no;47;3;young;Fife;no;;1 and 2;1;18;yes;8;0.444444444;10;0.66;green;4;yellow;2;no;ID99_WM_InterferenceIB_f_3y;no;5;3;0.625;0.5;0.666;0.75;0;2;
99;f;45;3;no;47;3;young;Fife;no;;1 and 2;2;8;no;7;0.875;1;0.66;yellow;1;green;3;no;ID99_WM_InterferenceIB_f_3y;no;7;5;0.875;0.833333333;0.666;0.75;0;4;
22;f;54;4;no;57;4;old;Fife;no;;1 and 2;1;10;yes;8;0.8;2;0.692;blue;3;yellow;2;no;ID22_WM_InterferenceIB_f_4y;no;6;4;0.75;0.666666667;0.583;0.687;0;3;
22;f;54;4;no;57;4;old;Fife;no;;1 and 2;2;12;no;7;0.583333333;5;0.692;purple;4;purple;4;no;ID22_WM_InterferenceIB_f_4y;no;5;3;0.625;0.5;0.583;0.687;0;2;
103;m;50;4;no;51;4;old;Edinburgh;no;;1 and 2;1;11;no;7;0.636363636;4;0.756;blue;3;purple;4;no;ID103_WM_InterferenceIB_m_4y;no;6;4;0.75;0.666666667;0.75;0.812;0;3;
103;m;50;4;no;51;4;old;Edinburgh;no;;1 and 2;2;8;no;7;0.875;1;0.756;green;2;green;3;no;ID103_WM_InterferenceIB_m_4y;no;7;5;0.875;0.833333333;0.75;0.812;0;4;
109;m;41;3;no;42;3;young;Edinburgh;no;got discouraged after consecutive mistakes, no trial 2;1;1;11;no;5;0.454545455;6;;green;4;yellow;2;no;ID109_WM_InterferenceIB_m_3y;no;5;3;0.625;0.5;0.5;0.625;0;3;stopped in trial 1 no trial 2, after 11 rounds
107;f;52;4;no;53;4;old;Edinburgh;no;;1 and 2;1;10;no;7;0.7;3;0.569;green;4;green;1;no;ID107_WM_InterferenceIB_f_4y;no;6;4;0.75;0.666666667;0.667;0.75;0;3;
107;f;52;4;no;53;4;old;Edinburgh;no;;1 and 2;2;16;no;7;0.4375;9;0.569;purple;4;yellow;1;no;ID107_WM_InterferenceIB_f_4y;no;6;4;0.75;0.666666667;0.667;0.75;0;3;
108;f;57;4;no;58;4;old;Edinburgh;no;;1 and 2;1;12;yes;8;0.666666667;4;0.771;purple;1;green;1;no;ID108_WM_InterferenceIB_f_4y;no;5;3;0.625;0.5;0.666;0.75;0;3;
108;f;57;4;no;58;4;old;Edinburgh;no;;1 and 2;2;8;no;7;0.875;1;0.771;yellow;1;blue;2;no;ID108_WM_InterferenceIB_f_4y;no;7;5;0.875;0.833333333;0.666;0.75;0;4;
101;m;53;4;no;53;4;old;Edinburgh;no;;1 and 2;1;10;no;7;0.7;3;0.794;green;4;yellow;2;no;ID101_WM_InterferenceIB_m_4y;no;6;4;0.75;0.666666667;0.75;0.812;0;3;
101;m;53;4;no;53;4;old;Edinburgh;no;;1 and 2;2;9;yes;8;0.888888889;1;0.794;yellow;1;yellow;1;no;ID101_WM_InterferenceIB_m_4y;no;7;5;0.875;0.833333333;0.75;0.812;0;3;
102;m;48;4;hyperacusis;49;4;young;Edinburgh;no;;1 and 2;1;8;no;7;0.875;1;0.875;purple;1;purple;4;no;ID102_WM_InterferenceIB_m_4y;no;7;5;0.875;0.833333333;0.833;0.875;0;4;
102;m;48;4;hyperacusis;49;4;young;Edinburgh;no;;1 and 2;2;8;no;7;0.875;1;0.875;yellow;1;green;3;no;ID102_WM_InterferenceIB_m_4y;no;7;5;0.875;0.833333333;0.833;0.875;0;4;
104;m;49;4;no;49;4;young;Edinburgh;no;;1 and 2;1;8;no;7;0.875;1;0.707;yellow;2;purple;4;no;ID104_WM_InterferenceIB_m_4y;no;7;5;0.875;0.833333333;0.75;0.812;0;4;
104;m;49;4;no;49;4;young;Edinburgh;no;;1 and 2;2;13;no;7;0.538461538;6;0.707;yellow;1;purple;4;no;ID104_WM_InterferenceIB_m_4y;no;6;4;0.75;0.666666667;0.75;0.812;0;3;
105;m;55;4;no;55;4;old;Edinburgh;no;;1 and 2;1;12;no;7;0.583333333;5;0.561;blue;3;yellow;2;no;ID105_WM_InterferenceIB_m_4y;no;6;4;0.75;0.666666667;0.333;0.5;0;3;
105;m;55;4;no;55;4;old;Edinburgh;no;;1 and 2;2;13;no;7;0.538461538;6;0.561;yellow;1;green;3;no;ID105_WM_InterferenceIB_m_4y;no;2;0;0.25;0;0.333;0.5;0;2;
106;f;47;3;no;47;3;young;Edinburgh;no;;1 and 2;1;8;no;7;0.875;1;0.801;purple;1;green;1;no;ID106_WM_InterferenceIB_f_3y;no;7;5;0.875;0.833333333;0.75;0.812;0;4;
106;f;47;3;no;47;3;young;Edinburgh;no;;1 and 2;2;11;yes;8;0.727272727;3;0.801;yellow;1;yellow;1;no;ID106_WM_InterferenceIB_f_3y;no;6;4;0.75;0.666666667;0.75;0.812;0;3;
114;m;48;4;no;49;4;young;Edinburgh;no;;1 and 2;1;10;no;7;0.7;3;0.517;blue;3;blue;3;no;ID114_WM_InterferenceIB_m_4y;no;6;4;0.75;0.666666667;0.5;0.625;0;3;
114;m;48;4;no;49;4;young;Edinburgh;no;;1 and 2;2;18;no;6;0.333333333;12;0.517;yellow;1;blue;3;no;ID114_WM_InterferenceIB_m_4y;no;4;2;0.5;0.333333333;0.5;0.625;0;2;
113;m;46;3;no;47;3;young;Edinburgh;no;;1 and 2;1;8;no;7;0.875;1;0.882;yellow;2;yellow;2;no;ID113_WM_InterferenceIB_m_3y;no;7;5;0.875;0.833333333;0.833;0.875;0;4;
113;m;46;3;no;47;3;young;Edinburgh;no;;1 and 2;2;9;yes;8;0.888888889;1;0.882;purple;3;green;4;no;ID113_WM_InterferenceIB_m_3y;no;7;5;0.875;0.833333333;0.833;0.875;0;3;
111;f;47;3;no;47;3;young;Edinburgh;no;;1 and 2;1;10;yes;8;0.8;2;0.635;green;4;green;1;no;ID111_WM_InterferenceIB_f_3y;no;6;4;0.75;0.666666667;0.583;0.687;0;3;
111;f;47;3;no;47;3;young;Edinburgh;no;;1 and 2;2;17;yes;8;0.470588235;9;0.635;yellow;1;green;4;no;ID111_WM_InterferenceIB_f_3y;no;5;3;0.625;0.5;0.583;0.687;0;3;
115;f;45;3;no;45;3;young;Edinburgh;no;;1 and 2;1;9;yes;8;0.888888889;1;0.944;yellow;2;yellow;2;no;ID115_WM_InterferenceIB_f_3y;no;7;5;0.875;0.833333333;0.916;0.937;0;3;
115;f;45;3;no;45;3;young;Edinburgh;no;;1 and 2;2;8;yes;8;1;0;0.944;yellow;1;yellow;2;yes;ID115_WM_InterferenceIB_f_3y;yes;8;6;1;1;0.916;0.937;0;4;
112;f;47;3;no;48;4;young;Edinburgh;no;;1 and 2;1;9;no;7;0.777777778;2;0.622;green;4;yellow;2;no;ID112_WM_InterferenceIB_f_3y;no;7;5;0.875;0.833333333;0.583;0.687;0;3;
112;f;47;3;no;48;4;young;Edinburgh;no;;1 and 2;2;15;no;7;0.466666667;8;0.622;yellow;1;blue;3;no;ID112_WM_InterferenceIB_f_3y;no;4;2;0.5;0.333333333;0.583;0.687;0;2;
110;f;43;3;no;43;3;young;Edinburgh;no;;1 and 2;1;9;no;7;0.777777778;2;0.889;purple;1;green;1;no;ID110_WM_InterferenceIB_f_3y;no;7;5;0.875;0.833333333;0.916;0.937;0;3;
110;f;43;3;no;43;3;young;Edinburgh;no;;1 and 2;2;8;yes;8;1;0;0.889;purple;3;yellow;2;no;ID110_WM_InterferenceIB_f_3y;yes;8;6;1;1;0.916;0.937;0;4;
100;m;57;4;no information;59;4;old;Fife;no;;1 and 2;1;8;yes;8;1;0;0.889;green;4;purple;4;no;ID100_WM_InterferenceIB_m_4y;yes;8;6;1;1;0.916;0.937;0;4;
100;m;57;4;no information;59;4;old;Fife;no;;1 and 2;2;9;no;7;0.777777778;2;0.889;purple;4;green;3;no;ID100_WM_InterferenceIB_m_4y;no;7;5;0.875;0.833333333;0.916;0.937;0;3;
94;f;45;3;no;47;3;young;Fife;no;;1 and 2;1;13;no;7;0.538461538;6;0.502;blue;3;green;1;no;ID94_WM_InterferenceIB_f_3y;no;5;3;0.625;0.5;0.5;0.625;0;2;
94;f;45;3;no;47;3;young;Fife;no;;1 and 2;2;15;no;7;0.466666667;8;0.502;blue;3;yellow;1;no;ID94_WM_InterferenceIB_f_3y;no;5;3;0.625;0.5;0.5;0.625;0;3;
88;m;36;3;no information;39;3;young;Fife;no;;1 and 2;1;8;no;7;0.875;1;0.729;purple;1;green;1;no;ID88_WM_InterferenceIB_m_3y;no;7;5;0.875;0.833333333;0.75;0.812;0;4;
88;m;36;3;no information;39;3;young;Fife;no;;1 and 2;2;12;no;7;0.583333333;5;0.729;purple;4;yellow;1;no;ID88_WM_InterferenceIB_m_3y;no;6;4;0.75;0.666666667;0.75;0.812;0;3;
120;m;70;5;no;72;6;old;Fife;no;;1 and 2;1;10;no;7;0.7;3;0.787;green;4;green;1;no;ID120_WM_InterferenceIB_m_5y;no;5;3;0.625;0.5;0.665;0.75;0;3;video died in trial 1 and E forgot to circle which cup was chosen. But he did get it right, so it was eith er the purple or the blue cup
120;m;70;5;no;72;6;old;Fife;no;;1 and 2;2;8;no;7;0.875;1;0.787;purple;4;yellow;1;no;ID120_WM_InterferenceIB_m_5y;no;7;5;0.875;0.833333333;0.665;0.75;0;4;
116;f;59;4;no;61;5;old;Fife;no;;1 and 2;1;8;no;7;0.875;1;0.812;purple;1;green;1;no;no video, camera died;no;7;5;0.875;0.833333333;0.75;0.812;0;4;
116;f;59;4;no;61;5;old;Fife;no;;1 and 2;2;8;no;6;0.75;2;0.812;yellow;1;yellow;1;no;no video, camera died;no;6;4;0.75;0.666666667;0.75;0.812;0;4;
121;f;58;4;no;60;5;old;Fife;no;;1 and 2;1;9;yes;8;0.888888889;1;0.778;blue;3;yellow;2;no;no video, camera died;no;7;5;0.875;0.833333333;0.666;0.75;0;3;
121;f;58;4;no;60;5;old;Fife;no;;1 and 2;2;12;yes;8;0.666666667;4;0.778;green;2;yellow;1;no;no video, camera died;no;5;3;0.625;0.5;0.666;0.75;0;2;
119;f;59;4;no;61;5;old;Fife;no;;1 and 2;1;12;yes;8;0.666666667;4;;green;4;purple;4;no;no video, camera died;no;6;4;0.75;0.666666667;0.75;0.812;0;3;
119;f;59;4;no;61;5;old;Fife;no;;1 and 2;2;9;yes;8;0.888888889;1;;green;2;yellow;1;no;no video, camera died;no;7;5;0.875;0.833333333;0.75;0.812;0;3;
118;f;63;5;no;64;5;old;Fife;no;;1 and 2;1;11;yes;8;0.727272727;3;0.808;green;4;yellow;2;no;no video, camera died;no;6;4;0.75;0.666666667;0.75;0.812;0;3;
118;f;63;5;no;64;5;old;Fife;no;;1 and 2;2;9;yes;8;0.888888889;1;0.808;green;2;yellow;1;no;no video, camera died;no;7;5;0.875;0.833333333;0.75;0.812;0;3;
148;f;44;3;no;45;3;young;Edinburgh;no;;1 and 2;1;10;yes;8;0.8;2;0.9;yellow;2;green;1;no;ID148_WM_InterferenceIB_f_3y;no;6;4;0.75;0.666666667;0.833;0.875;0;3;
148;f;44;3;no;45;3;young;Edinburgh;no;;1 and 2;2;8;yes;8;1;0;0.9;yellow;2;yellow;1;no;ID148_WM_InterferenceIB_f_3y;yes;8;6;1;1;0.833;0.875;0;4;
158;m;58;4;no;58;4;old;Edinburgh;no;;1 and 2;1;8;yes;8;1;0;0.937;purple;1;green;1;no;ID158_WM_InterferenceIB_m_4y;yes;8;6;1;1;0.916;0.937;0;4;
158;m;58;4;no;58;4;old;Edinburgh;no;;1 and 2;2;8;no;7;0.875;1;0.937;purple;1;yellow;1;no;ID158_WM_InterferenceIB_m_4y;no;7;5;0.875;0.833333333;0.916;0.937;0;4;
144;m;45;3;no;46;3;young;Edinburgh;no;;1 and 2;1;9;no;7;0.777777778;2;0.833;yellow;2;yellow;2;no;ID144_WM_InterferenceIB_m_3y;no;7;5;0.875;0.833333333;0.833;0.875;0;3;
144;m;45;3;no;46;3;young;Edinburgh;no;;1 and 2;2;9;yes;8;0.888888889;1;0.833;yellow;2;yellow;1;no;ID144_WM_InterferenceIB_m_3y;no;7;5;0.875;0.833333333;0.833;0.875;0;3;
162;m;45;3;no;46;3;young;Edinburgh;no;;1 and 2;1;12;no;7;0.583333333;5;0.692;yellow;2;green;1;no;ID162_WM_InterferenceIB_m_3y;no;6;4;0.75;0.666666667;0.667;0.75;0;3;
162;m;45;3;no;46;3;young;Edinburgh;no;;1 and 2;2;10;yes;8;0.8;2;0.692;purple;1;yellow;1;no;ID162_WM_InterferenceIB_m_3y;no;6;4;0.75;0.666666667;0.667;0.75;0;3;
160;f;57;4;no;57;4;old;Edinburgh;no;;1 and 2;1;9;no;7;0.777777778;2;0.826;purple;1;yellow;2;no;ID160_WM_InterferenceIB_f_4y;no;6;4;0.75;0.666666667;0.75;0.812;0;2;
160;f;57;4;no;57;4;old;Edinburgh;no;;1 and 2;2;8;no;7;0.875;1;0.826;purple;1;purple;4;no;ID160_WM_InterferenceIB_f_4y;no;7;5;0.875;0.833333333;0.75;0.812;0;4;
147;f;44;3;no;44;3;young;Edinburgh;no;;1 and 2;1;12;no;7;0.583333333;5;0.68;green;4;yellow;2;no;ID147_WM_InterferenceIB_f_3y;no;6;4;0.75;0.666666667;0.75;0.812;0;3;
147;f;44;3;no;44;3;young;Edinburgh;no;;1 and 2;2;9;no;7;0.777777778;2;0.68;purple;1;green;1;no;ID147_WM_InterferenceIB_f_3y;no;7;5;0.875;0.833333333;0.75;0.812;0;3;
150;m;58;4;no;58;4;old;Edinburgh;no;;1 and 2;1;9;no;7;0.777777778;2;0.689;yellow;2;yellow;2;no;ID150_WM_InterferenceIB_m_4y;no;7;5;0.875;0.833333333;0.665;0.75;0;3;
150;m;58;4;no;58;4;old;Edinburgh;no;;1 and 2;2;10;no;6;0.6;4;0.689;yellow;1;yellow;2;no;ID150_WM_InterferenceIB_m_4y;no;5;3;0.625;0.5;0.665;0.75;0;3;
161;f;45;3;no;46;3;young;Edinburgh;no;;1 and 2;1;11;yes;8;0.727272727;3;0.764;yellow;2;yellow;2;no;ID161_WM_InterferenceIB_f_4y;no;6;4;0.75;0.666666667;0.667;0.75;0;3;
161;f;45;3;no;46;3;young;Edinburgh;no;;1 and 2;2;10;yes;8;0.8;2;0.764;green;4;yellow;2;no;ID161_WM_InterferenceIB_f_4y;no;6;4;0.75;0.666666667;0.667;0.75;0;3;
149;f;58;4;no;58;4;old;Edinburgh;no;;1 and 2;1;8;no;7;0.875;1;0.837;blue;3;purple;4;no;ID149_WM_InterferenceIB_f_4y;no;7;5;0.875;0.833333333;0.75;0.812;0;4;
149;f;58;4;no;58;4;old;Edinburgh;no;;1 and 2;2;10;yes;8;0.8;2;0.837;yellow;1;yellow;2;no;ID149_WM_InterferenceIB_f_4y;no;6;4;0.75;0.666666667;0.75;0.812;0;3;
146;m;52;4;no;53;4;old;Edinburgh;no;;1 and 2;1;18;no;6;0.333333333;12;0.485;purple;1;yellow;2;no;ID146_WM_InterferenceIB_m_4y;no;6;4;0.75;0.666666667;0.667;0.75;0;3;
146;m;52;4;no;53;4;old;Edinburgh;no;;1 and 2;2;11;no;7;0.636363636;4;0.485;blue;2;yellow;2;no;ID146_WM_InterferenceIB_m_4y;no;6;4;0.75;0.666666667;0.667;0.75;0;3;
159;m;46;3;no;46;3;young;Edinburgh;no;;1 and 2;1;10;no;7;0.7;3;0.668;blue;3;blue;3;no;ID159_WM_InterferenceIB_m_3y;no;6;4;0.75;0.666666667;0.667;0.75;0;3;
159;m;46;3;no;46;3;young;Edinburgh;no;;1 and 2;2;11;no;7;0.636363636;4;0.668;blue;2;yellow;2;no;ID159_WM_InterferenceIB_m_3y;no;6;4;0.75;0.666666667;0.667;0.75;0;3;
152;f;48;4;no;48;4;young;Edinburgh;no;;1 and 2;1;9;no;7;0.777777778;2;0.826;purple;1;green;1;no;ID152_WM_InterferenceIB_f_4y;no;7;5;0.875;0.833333333;0.833;0.875;0;3;
152;f;48;4;no;48;4;young;Edinburgh;no;;1 and 2;2;8;no;7;0.875;1;0.826;purple;3;yellow;2;no;ID152_WM_InterferenceIB_f_4y;no;7;5;0.875;0.833333333;0.833;0.875;0;4;
151;f;58;4;no;58;4;old;Edinburgh;no;;1 and 2;1;8;yes;8;1;0;0.889;purple;1;green;1;no;ID151_WM_InterferenceIB_f_4y;yes;8;6;1;1;0.916;0.937;0;4;
151;f;58;4;no;58;4;old;Edinburgh;no;;1 and 2;2;9;no;7;0.777777778;2;0.889;yellow;1;green;4;no;ID151_WM_InterferenceIB_f_4y;no;7;5;0.875;0.833333333;0.916;0.937;0;3;
145;f;56;4;no;56;4;old;Edinburgh;no;;1 and 2;1;8;yes;8;1;0;1;purple;1;purple;4;no;ID145_WM_InterferenceIB_f_4y;yes;8;6;1;1;1;1;1;4;
145;f;56;4;no;56;4;old;Edinburgh;no;;1 and 2;2;8;yes;8;1;0;1;purple;3;purple;1;yes;ID145_WM_InterferenceIB_f_4y;yes;8;6;1;1;1;1;1;4;
153;f;48;4;no;49;4;young;Edinburgh;no;;1 and 2;1;8;no;7;0.875;1;0.671;purple;1;yellow;2;no;ID153_WM_InterferenceIB_f_4y;no;7;5;0.875;0.833333333;0.75;0.812;0;4;
153;f;48;4;no;49;4;young;Edinburgh;no;;1 and 2;2;15;no;7;0.466666667;8;0.671;yellow;1;purple;1;no;ID153_WM_InterferenceIB_f_4y;no;6;4;0.75;0.666666667;0.75;0.812;0;3;
155;m;48;4;no;48;4;young;Edinburgh;no;;1 and 2;1;9;no;7;0.777777778;2;0.889;yellow;2;yellow;2;no;ID155_WM_InterferenceIB_m_4y;no;7;5;0.875;0.833333333;0.916;0.937;0;3;
155;m;48;4;no;48;4;young;Edinburgh;no;;1 and 2;2;8;yes;8;1;0;0.889;blue;3;blue;3;no;ID155_WM_InterferenceIB_m_4y;yes;8;6;1;1;0.916;0.937;0;4;
156;m;57;4;no;57;4;old;Edinburgh;no;;1 and 2;1;12;no;7;0.583333333;5;0.792;green;4;green;1;no;ID156_WM_InterferenceIB_m_4y;no;6;4;0.75;0.666666667;0.833;0.875;0;3;
156;m;57;4;no;57;4;old;Edinburgh;no;;1 and 2;2;8;yes;8;1;0;0.792;yellow;2;green;2;no;ID156_WM_InterferenceIB_m_4y;yes;8;6;1;1;0.833;0.875;0;4;
164;m;55;4;no;55;4;old;Edinburgh;no;;1 and 2;1;10;no;7;0.7;3;0.85;green;4;yellow;2;no;ID164_WM_InterferenceIB_m_4y;no;6;4;0.75;0.666666667;0.833;0.875;0;3;
164;m;55;4;no;55;4;old;Edinburgh;no;;1 and 2;2;8;yes;8;1;0;0.85;blue;3;yellow;1;no;ID164_WM_InterferenceIB_m_4y;yes;8;6;1;1;0.833;0.875;0;4;
157;m;54;4;no;54;4;old;Edinburgh;no;;1 and 2;1;14;yes;8;0.571428571;6;0.786;purple;1;yellow;2;no;ID157_WM_InterferenceIB_m_4y;no;6;4;0.75;0.666666667;0.833;0.875;0;3;
157;m;54;4;no;54;4;old;Edinburgh;no;;1 and 2;2;8;yes;8;1;0;0.786;yellow;2;green;2;no;ID157_WM_InterferenceIB_m_4y;yes;8;6;1;1;0.833;0.875;0;4;
165;f;55;4;no;55;4;old;Edinburgh;no;;1 and 2;1;10;no;7;0.7;3;0.619;yellow;2;green;1;no;ID165_WM_InterferenceIB_f_4y;no;6;4;0.75;0.666666667;0.667;0.75;0;3;
165;f;55;4;no;55;4;old;Edinburgh;no;;1 and 2;2;13;no;7;0.538461538;6;0.619;purple;1;yellow;1;no;ID165_WM_InterferenceIB_f_4y;no;6;4;0.75;0.666666667;0.667;0.75;0;3;
154;m;53;4;no;53;4;old;Edinburgh;no;;1 and 2;1;8;no;7;0.875;1;0.875;green;4;blue;3;no;ID154_WM_InterferenceIB_m_4y;no;7;5;0.875;0.833333333;0.833;0.875;0;4;
154;m;53;4;no;53;4;old;Edinburgh;no;;1 and 2;2;8;no;7;0.875;1;0.875;green;4;green;2;no;ID154_WM_InterferenceIB_m_4y;no;7;5;0.875;0.833333333;0.833;0.875;0;4;
166;m;52;4;no;52;4;old;Edinburgh;no;;1 and 2;1;11;yes;8;0.727272727;3;0.682;green;4;purple;4;no;ID166_WM_InterferenceIB_m_4y;no;6;4;0.75;0.666666667;0.667;0.75;0;3;
166;m;52;4;no;52;4;old;Edinburgh;no;;1 and 2;2;11;no;7;0.636363636;4;0.682;green;4;blue;3;no;ID166_WM_InterferenceIB_m_4y;no;6;4;0.75;0.666666667;0.667;0.75;0;3;
45;f;48;4;no;51;4;old;Fife;no;;1 and 2;1;8;no;7;0.875;1;0.875;yellow;2;blue;3;no;ID45_WM_InterferenceIB_f_4y;no;7;5;0.875;0.833333333;0.833;0.875;0;4;
45;f;48;4;no;51;4;old;Fife;no;;1 and 2;2;8;no;7;0.875;1;0.875;yellow;1;yellow;1;no;ID45_WM_InterferenceIB_f_4y;no;7;5;0.875;0.833333333;0.833;0.875;0;4;
163;f;45;3;no;45;3;young;Edinburgh;no;;1 and 2;1;15;no;7;0.466666667;8;0.608;purple;1;green;1;no;ID163_WM_InterferenceIB_f_3y;no;6;4;0.75;0.666666667;0.667;0.75;0;3;
163;f;45;3;no;45;3;young;Edinburgh;no;;1 and 2;2;8;no;6;0.75;2;0.608;purple;1;yellow;1;no;ID163_WM_InterferenceIB_f_3y;no;6;4;0.75;0.666666667;0.667;0.75;0;4;
48;m;42;3;no;44;3;young;Fife;no;;1 and 2;1;9;no;7;0.777777778;2;0.826;green;4;green;1;no;ID48_WM_InterferenceIB_m_3y;no;7;5;0.875;0.833333333;0.833;0.875;0;3;
48;m;42;3;no;44;3;young;Fife;no;;1 and 2;2;8;no;7;0.875;1;0.826;purple;4;yellow;1;no;ID48_WM_InterferenceIB_m_3y;no;7;5;0.875;0.833333333;0.833;0.875;0;4;
47;f;51;4;no;54;4;old;Fife;no;;1 and 2;1;10;no;7;0.7;3;0.739;yellow;2;blue;3;no;ID47_WM_InterferenceIB_f_4y;no;6;4;0.75;0.666666667;0.75;0.812;0;3;
47;f;51;4;no;54;4;old;Fife;no;;1 and 2;2;9;no;7;0.777777778;2;0.739;yellow;1;yellow;1;no;ID47_WM_InterferenceIB_f_4y;no;7;5;0.875;0.833333333;0.75;0.812;0;3;
46;f;48;4;no;50;4;old;Fife;no;;1 and 2;1;8;no;7;0.875;1;0.771;yellow;2;green;1;no;ID46_WM_InterferenceIB_f_4y;no;7;5;0.875;0.833333333;0.666;0.75;0;4;
46;f;48;4;no;50;4;old;Fife;no;;1 and 2;2;12;yes;8;0.666666667;4;0.771;yellow;1;blue;2;no;ID46_WM_InterferenceIB_f_4y;no;5;3;0.625;0.5;0.666;0.75;0;2;
49;m;37;3;no;38;3;young;Fife;no;in trial 2, stopped game after 1 round;1;1;9;no;7;0.777777778;2;;blue;3;blue;3;no;ID49_WM_InterferenceIB_m_3y;no;7;5;0.875;0.833333333;0.833;0.875;0;3;
52;f;41;3;no information;43;3;young;Fife;no;;1 and 2;1;10;no;7;0.7;3;0.7;green;4;yellow;2;no;ID52_WM_InterferenceIB_f_3y;no;6;4;0.75;0.666666667;0.583;0.687;0;3;
52;f;41;3;no information;43;3;young;Fife;no;;1 and 2;2;10;no;7;0.7;3;0.7;purple;4;yellow;1;no;ID52_WM_InterferenceIB_f_3y;no;5;3;0.625;0.5;0.583;0.687;0;3;
53;f;42;3;no;44;3;young;Fife;no;;1 and 2;1;12;no;7;0.583333333;5;0.486;green;4;blue;3;no;ID53_WM_InterferenceIB_f_3y;no;6;4;0.75;0.666666667;0.583;0.687;0;3;
53;f;42;3;no;44;3;young;Fife;no;;1 and 2;2;18;no;7;0.388888889;11;0.486;yellow;1;blue;2;no;ID53_WM_InterferenceIB_f_3y;no;5;3;0.625;0.5;0.583;0.687;0;3;
66;m;54;4;no;56;4;old;Fife;no;;1 and 2;1;10;no;7;0.7;3;0.787;yellow;2;purple;4;no;ID66_WM_InterferenceIB_m_4y;no;6;4;0.75;0.666666667;0.75;0.812;0;3;
66;m;54;4;no;56;4;old;Fife;no;;1 and 2;2;8;no;7;0.875;1;0.787;purple;4;blue;2;no;ID66_WM_InterferenceIB_m_4y;no;7;5;0.875;0.833333333;0.75;0.812;0;4;
67;m;47;3;no;49;4;young;Fife;no;;1 and 2;1;12;yes;8;0.666666667;4;0.697;blue;3;green;1;no;ID67_WM_InterferenceIB_m_3y;no;5;3;0.625;0.5;0.583;0.687;0;3;
67;m;47;3;no;49;4;young;Fife;no;;1 and 2;2;11;yes;8;0.727272727;3;0.697;blue;3;yellow;1;no;ID67_WM_InterferenceIB_m_3y;no;6;4;0.75;0.666666667;0.583;0.687;0;3;
68;f;48;4;no;50;4;old;Fife;no;;1 and 2;1;8;yes;8;1;0;0.9;purple;1;green;1;no;ID68_WM_InterferenceIB_f_4y;yes;8;6;1;1;0.833;0.875;0;4;
68;f;48;4;no;50;4;old;Fife;no;;1 and 2;2;10;yes;8;0.8;2;0.9;purple;4;yellow;1;no;ID68_WM_InterferenceIB_f_4y;no;6;4;0.75;0.666666667;0.833;0.875;0;3;
69;m;51;4;no;54;4;old;Fife;no;;1 and 2;1;8;yes;8;1;0;0.889;blue;3;green;1;no;ID69_WM_InterferenceIB_m_4y;yes;8;6;1;1;0.916;0.937;0;4;
69;m;51;4;no;54;4;old;Fife;no;;1 and 2;2;9;no;7;0.777777778;2;0.889;purple;4;blue;2;no;ID69_WM_InterferenceIB_m_4y;no;7;5;0.875;0.833333333;0.916;0.937;0;3;
81;m;42;3;no;44;3;young;Fife;no;;1 and 2;1;13;no;7;0.538461538;6;0.658;purple;1;green;1;no;ID81_WM_InterferenceIB_m_3y;no;6;4;0.75;0.666666667;0.75;0.812;0;3;
81;m;42;3;no;44;3;young;Fife;no;;1 and 2;2;9;no;7;0.777777778;2;0.658;yellow;1;yellow;1;no;ID81_WM_InterferenceIB_m_3y;no;7;5;0.875;0.833333333;0.75;0.812;0;3;
122;f;53;4;no;54;4;old;Fife;no;;1 and 2;1;8;yes;8;1;0;0.694;purple;1;green;1;no;ID122_WM_InterferenceIB_f_4y;yes;8;6;1;1;0.75;0.8125;0;4;
122;f;53;4;no;54;4;old;Fife;no;;1 and 2;2;18;no;7;0.388888889;11;0.694;green;2;green;3;no;ID122_WM_InterferenceIB_f_4y;no;5;3;0.625;0.5;0.75;0.8125;0;2;
123;f;52;4;no information;53;4;old;Fife;no;;1 and 2;1;10;yes;8;0.8;2;0.75;yellow;2;green;1;no;ID123_WM_InterferenceIB_f_4y;no;6;4;0.75;0.666666667;0.667;0.75;0;3;
123;f;52;4;no information;53;4;old;Fife;no;;1 and 2;2;10;no;7;0.7;3;0.75;purple;4;yellow;1;no;ID123_WM_InterferenceIB_f_4y;no;6;4;0.75;0.666666667;0.667;0.75;0;3;
124;m;52;4;no;52;4;old;Fife;no;;1 and 2;1;12;no;7;0.583333333;5;0.525;blue;3;yellow;2;no;ID124_WM_InterferenceIB_m_4y;no;5;3;0.625;0.5;0.583;0.6875;0;3;
124;m;52;4;no;52;4;old;Fife;no;;1 and 2;2;15;no;7;0.466666667;8;0.525;blue;3;blue;3;no;ID124_WM_InterferenceIB_m_4y;no;6;4;0.75;0.666666667;0.583;0.6875;0;3;
125;m;40;3;no;41;3;young;Fife;no;;1 and 2;1;12;no;7;0.583333333;5;0.68;green;4;yellow;2;no;ID125_WM_InterferenceIB_m_3y;no;5;3;0.625;0.5;0.666;0.75;0;3;
125;m;40;3;no;41;3;young;Fife;no;;1 and 2;2;9;no;7;0.777777778;2;0.68;yellow;1;yellow;1;no;ID125_WM_InterferenceIB_m_3y;no;7;5;0.875;0.833333333;0.666;0.75;0;3;
130;f;45;3;no;46;3;young;Fife;no;;1 and 2;1;9;no;7;0.777777778;2;0.722;green;4;green;1;no;ID130_WM_InterferenceIB_f_3y;no;6;4;0.75;0.666666667;0.583;0.6875;0;2;
130;f;45;3;no;46;3;young;Fife;no;;1 and 2;2;12;yes;8;0.666666667;4;0.722;purple;1;purple;4;no;ID130_WM_InterferenceIB_f_3y;no;5;3;0.625;0.5;0.583;0.6875;0;2;
128;f;39;3;no information;39;3;young;Fife;no;;1 and 2;1;16;no;7;0.4375;9;0.608;purple;1;green;1;no;ID128_WM_InterferenceIB_f_3y;no;5;3;0.625;0.5;0.666;0.75;0;3;
128;f;39;3;no information;39;3;young;Fife;no;;1 and 2;2;9;no;7;0.777777778;2;0.608;blue;3;yellow;1;no;ID128_WM_InterferenceIB_f_3y;no;7;5;0.875;0.833333333;0.666;0.75;0;3;
127;f;58;4;no;59;4;old;Fife;no;;1 and 2;1;8;yes;8;1;0;0.889;purple;1;green;1;no;ID127_WM_InterferenceIB_f_4y;yes;8;6;1;1;0.916;0.9375;0;4;
127;f;58;4;no;59;4;old;Fife;no;;1 and 2;2;9;no;7;0.777777778;2;0.889;yellow;1;blue;2;no;ID127_WM_InterferenceIB_f_4y;no;7;5;0.875;0.833333333;0.916;0.9375;0;3;
129;f;54;4;developmental delay by about 12 months - improving now, she is in foster care;55;4;old;Fife;no;did not do second trial;1;1;10;yes;8;0.8;2;;blue;3;purple;4;no;ID129_WM_InterferenceIB_f_4y;no;6;4;0.75;0.666666667;0.667;0.75;0;3;
135;m;54;4;no information;55;4;old;Fife;no;;1 and 2;1;8;no;6;0.75;2;0.569;yellow;2;blue;3;no;ID135_WM_InterferenceIB_m_4y;no;6;4;0.75;0.666666667;0.667;0.75;0;4;
135;m;54;4;no information;55;4;old;Fife;no;;1 and 2;2;18;no;7;0.388888889;11;0.569;yellow;1;purple;4;no;ID135_WM_InterferenceIB_m_4y;no;6;4;0.75;0.666666667;0.667;0.75;0;3;
138;m;45;3;no;46;3;young;Fife;no;;1 and 2;1;11;no;7;0.636363636;4;0.682;green;4;yellow;2;no;ID138_WM_InterferenceIB_m_3y;no;6;4;0.75;0.666666667;0.583;0.6875;0;3;
138;m;45;3;no;46;3;young;Fife;no;;1 and 2;2;11;yes;8;0.727272727;3;0.682;blue;3;yellow;1;no;ID138_WM_InterferenceIB_m_3y;no;5;3;0.625;0.5;0.583;0.6875;0;2;
137;f;43;3;no;44;3;young;Fife;no;;1 and 2;1;13;no;7;0.538461538;6;0.555;green;4;yellow;2;no;ID137_WM_InterferenceIB_f_3y_part1, ID137_WM_InterferenceIB_f_3y_part2;no;6;4;0.75;0.666666667;0.583;0.6875;0;3;
137;f;43;3;no;44;3;young;Fife;no;;1 and 2;2;14;yes;8;0.571428571;6;0.555;purple;4;yellow;1;no;ID137_WM_InterferenceIB_f_3y_part1, ID137_WM_InterferenceIB_f_3y_part2;no;5;3;0.625;0.5;0.583;0.6875;0;3;
136;m;53;4;no information;54;4;old;Fife;no;;1 and 2;1;10;yes;8;0.8;2;0.75;purple;1;purple;4;no;video broken, file cannot be played;no;6;4;0.75;0.666666667;0.667;0.75;0;3;
136;m;53;4;no information;54;4;old;Fife;no;;1 and 2;2;10;no;7;0.7;3;0.75;yellow;1;yellow;1;no;video broken, file cannot be played;no;6;4;0.75;0.666666667;0.667;0.75;0;3;
140;f;52;4;no information;53;4;old;Fife;no;;1 and 2;1;9;yes;8;0.888888889;1;0.736;yellow;2;purple;4;no;ID140_WM_InterferenceIB_f_4y;no;7;5;0.875;0.833333333;0.666;0.75;0;3;
140;f;52;4;no information;53;4;old;Fife;no;;1 and 2;2;12;no;7;0.583333333;5;0.736;purple;4;yellow;1;no;ID140_WM_InterferenceIB_f_4y;no;5;3;0.625;0.5;0.666;0.75;0;3;
134;m;58;4;no information;59;4;old;Fife;no;;1 and 2;1;9;yes;8;0.888888889;1;0.794;blue;3;yellow;2;no;ID134_WM_InterferenceIB_m_4y;no;7;5;0.875;0.833333333;0.75;0.8125;0;3;
134;m;58;4;no information;59;4;old;Fife;no;;1 and 2;2;10;no;7;0.7;3;0.794;blue;3;purple;4;no;ID134_WM_InterferenceIB_m_4y;no;6;4;0.75;0.666666667;0.75;0.8125;0;3;
133;f;64;5;no;64;5;old;Fife;no;;1 and 2;1;12;no;7;0.583333333;5;0.479;yellow;2;blue;3;no;ID133_WM_InterferenceIB_f_5y;no;5;3;0.625;0.5;0.666;0.75;0;3;
133;f;64;5;no;64;5;old;Fife;no;;1 and 2;2;8;no;7;0.875;1;0.479;blue;3;green;3;no;ID133_WM_InterferenceIB_f_5y;no;7;5;0.875;0.833333333;0.666;0.75;0;4;
117;m;64;5;no;65;5;old;Fife;no;;1 and 2;1;8;no;7;0.875;1;0.707;yellow;2;yellow;2;no;ID117_WM_InterferenceIB_m_5y;no;7;5;0.875;0.833333333;0.75;0.812;0;4;
117;m;64;5;no;65;5;old;Fife;no;;1 and 2;2;13;no;7;0.538461538;6;0.707;yellow;1;yellow;1;no;ID117_WM_InterferenceIB_m_5y;no;6;4;0.75;0.666666667;0.75;0.812;0;3;
143;f;43;3;no;44;3;young;Fife;no;;1 and 2;1;16;no;7;0.4375;9;0.51;green;4;yellow;2;no;ID143_WM_InterferenceIB_f_3y;no;5;3;0.625;0.5;0.583;0.6875;0;3;
143;f;43;3;no;44;3;young;Fife;no;;1 and 2;2;12;no;7;0.583333333;5;0.51;blue;3;yellow;1;no;ID143_WM_InterferenceIB_f_3y;no;6;4;0.75;0.666666667;0.583;0.6875;0;3;
139;f;42;3;no information;42;3;young;Fife;no;;1 and 2;1;12;no;7;0.583333333;5;0.642;yellow;2;blue;3;no;ID139_WM_InterferenceIB_f_3y;no;5;3;0.625;0.5;0.583;0.6875;0;2;
139;f;42;3;no information;42;3;young;Fife;no;;1 and 2;2;10;no;7;0.7;3;0.642;yellow;1;blue;2;no;ID139_WM_InterferenceIB_f_3y;no;6;4;0.75;0.666666667;0.583;0.6875;0;3;
141;f;58;4;no;58;4;old;Fife;no;;1 and 2;1;11;no;7;0.636363636;4;0.668;purple;1;green;1;no;ID141_WM_InterferenceIB_f_4y;no;5;3;0.625;0.5;0.583;0.6875;0;2;
141;f;58;4;no;58;4;old;Fife;no;;1 and 2;2;10;no;7;0.7;3;0.668;blue;3;yellow;1;no;ID141_WM_InterferenceIB_f_4y;no;6;4;0.75;0.666666667;0.583;0.6875;0;3;
132;f;57;4;no;58;4;old;Fife;no;;1 and 2;1;10;no;7;0.7;3;0.517;blue;3;green;1;no;ID132_WM_InterferenceIB_f_4y;no;6;4;0.75;0.666666667;0.5;0.625;0;3;
132;f;57;4;no;58;4;old;Fife;no;;1 and 2;2;18;no;6;0.333333333;12;0.517;green;2;yellow;1;no;ID132_WM_InterferenceIB_f_4y;no;4;2;0.5;0.333333333;0.5;0.625;0;2;
126;f;53;4;no information;54;4;old;Fife;no;;1 and 2;1;10;no;7;0.7;3;0.6;purple;1;yellow;2;no;ID126_WM_InterferenceIB_f_4y;no;6;4;0.75;0.666666667;0.667;0.75;0;3;
126;f;53;4;no information;54;4;old;Fife;no;;1 and 2;2;14;no;7;0.5;7;0.6;yellow;1;green;3;no;ID126_WM_InterferenceIB_f_4y;no;6;4;0.75;0.666666667;0.667;0.75;0;3;
131;m;53;4;no;53;4;old;Fife;no;;1 and 2;1;8;yes;8;1;0;1;yellow;2;yellow;2;yes;ID131_WM_InterferenceIB_m_4y;yes;8;6;1;1;1;1;1;4;
131;m;53;4;no;53;4;old;Fife;no;;1 and 2;2;8;yes;8;1;0;1;yellow;1;yellow;1;yes;ID131_WM_InterferenceIB_m_4y;yes;8;6;1;1;1;1;1;4;
171;m;40;3;no;40;3;young;Fife;no;;1 and 2;1;12;no;7;0.583333333;5;0.583;green;4;green;1;no;ID171_WM_InterferenceIB_m_3y;no;6;4;0.75;0.666666667;0.583;0.6875;0;3;
171;m;40;3;no;40;3;young;Fife;no;;1 and 2;2;12;no;7;0.583333333;5;0.583;purple;4;yellow;1;no;ID171_WM_InterferenceIB_m_3y;no;5;3;0.625;0.5;0.583;0.6875;0;3;
176;f;49;4;no;59;4;old;Fife;no;;1 and 2;1;8;yes;8;1;0;1;yellow;2;yellow;2;yes;ID176_WM_InterferenceIB_f_4y;yes;8;6;1;1;1;1;1;4;
176;f;49;4;no;59;4;old;Fife;no;;1 and 2;2;8;yes;8;1;0;1;green;2;green;3;yes;ID176_WM_InterferenceIB_f_4y;yes;8;6;1;1;1;1;1;4;
172;m;44;3;no;44;3;young;Fife;no;;1 and 2;1;10;no;7;0.7;3;0.787;yellow;2;yellow;2;no;ID172_WM_InterferenceIB_m_3y;no;6;4;0.75;0.666666667;0.75;0.8125;0;3;
172;m;44;3;no;44;3;young;Fife;no;;1 and 2;2;8;no;7;0.875;1;0.787;yellow;1;yellow;1;no;ID172_WM_InterferenceIB_m_3y;no;7;5;0.875;0.833333333;0.75;0.8125;0;4;
174;f;55;4;no;56;4;old;Fife;no;;1 and 2;1;9;yes;8;0.888888889;1;0.882;yellow;2;purple;4;no;ID174_WM_InterferenceIB_f_4y;no;7;5;0.875;0.833333333;0.833;0.875;0;3;
174;f;55;4;no;56;4;old;Fife;no;;1 and 2;2;8;no;7;0.875;1;0.882;purple;4;purple;4;no;ID174_WM_InterferenceIB_f_4y;no;7;5;0.875;0.833333333;0.833;0.875;0;4;
170;f;43;3;no;43;3;young;Fife;no;;1 and 2;1;8;yes;8;1;0;1;purple;1;purple;4;no;ID170_WM_InterferenceIB_f_3y;yes;8;6;1;1;1;1;1;4;
170;f;43;3;no;43;3;young;Fife;no;;1 and 2;2;8;yes;8;1;0;1;purple;4;purple;4;yes;ID170_WM_InterferenceIB_f_3y;yes;8;6;1;1;1;1;1;4;
168;f;54;4;no;54;4;old;Edinburgh;no;;1 and 2;1;12;no;7;0.583333333;5;0.729;purple;1;purple;1;no;ID168_WM_InterferenceIB_f_4y;no;6;4;0.75;0.666666667;0.75;0.8125;0;3;
168;f;54;4;no;54;4;old;Edinburgh;no;;1 and 2;2;8;no;7;0.875;1;0.729;purple;3;green;3;no;ID168_WM_InterferenceIB_f_4y;no;7;5;0.875;0.833333333;0.75;0.8125;0;4;
173;m;40;3;no;40;3;young;Fife;no;;1 and 2;1;8;no;6;0.75;2;;blue;3;blue;3;no;ID173_WM_InterferenceIB_m_3y;no;6;4;0.75;0.666666667;0.667;0.8125;0;4;
173;m;40;3;no;40;3;young;Fife;no;;1 and 2;2;8;no;7;0.875;1;;blue;3;blue;2;no;ID173_WM_InterferenceIB_m_3y;no;6;4;0.75;0.666666667;0.667;0.8125;0;4;
175;f;41;3;no;41;3;young;Fife;no;;1 and 2;1;12;no;7;0.583333333;5;;yellow;2;yellow;2;no;ID175_WM_InterferenceIB_f_3y;no;5;3;0.625;0.5;0.5;0.6875;0;3;
175;f;41;3;no;41;3;young;Fife;no;;1 and 2;2;12;no;7;0.583333333;5;;yellow;1;yellow;1;no;ID175_WM_InterferenceIB_f_3y;no;5;3;0.625;0.5;0.5;0.6875;0;3;
177;f;52;4;no;52;4;old;Fife;no;;1 and 2;1;8;no;7;0.875;1;;yellow;2;green;1;no;ID177_WM_InterferenceIB_f_4y;no;6;4;0.75;0.666666667;0.667;0.75;0;4;
177;f;52;4;no;52;4;old;Fife;no;;1 and 2;2;8;no;7;0.875;1;;yellow;1;yellow;1;no;ID177_WM_InterferenceIB_f_4y;no;6;4;0.75;0.666666667;0.667;0.75;0;4;
184;m;58;4;no;58;4;old;Fife;no;;1 and 2;1;8;no;7;0.875;1;0.8125;yellow;2;green;1;no;ID184_WM_InterferenceIB_m_4y;no;7;5;0.875;0.833333333;0.75;0.8125;0;4;
184;m;58;4;no;58;4;old;Fife;no;;1 and 2;2;8;no;6;0.75;2;0.8125;yellow;1;yellow;1;no;ID184_WM_InterferenceIB_m_4y;no;6;4;0.75;0.666666667;0.75;0.8125;0;4;
182;f;56;4;no;56;4;old;Fife;no;;1 and 2;1;16;no;7;0.4375;9;0.3854;green;4;blue;3;no;ID182_WM_InterferenceIB_f_4y_part1, ID182_WM_InterferenceIB_f_4y_part2;no;6;4;0.75;0.666666667;0.583;0.6875;0;3;Camera missed first 2 rounds and second trial in separate video
182;f;56;4;no;56;4;old;Fife;no;;1 and 2;2;18;no;6;0.333333333;12;0.3854;yellow;1;green;3;no;ID182_WM_InterferenceIB_f_4y_part1, ID182_WM_InterferenceIB_f_4y_part10;no;5;3;0.625;0.5;0.583;0.6875;0;3;
181;f;56;4;no;56;4;old;Fife;no;;1 and 2;1;8;yes;8;1;0;0.9375;yellow;2;yellow;2;no;ID181_WM_InterferenceIB_f_4y;yes;8;6;1;1;0.916;0.9375;0;4;
181;f;56;4;no;56;4;old;Fife;no;;1 and 2;2;8;no;7;0.875;1;0.9375;yellow;1;yellow;1;no;ID181_WM_InterferenceIB_f_4y;no;7;5;0.875;0.833333333;0.916;0.9375;0;4;
194;m;51;4;no;51;4;old;Edinburgh;no;;1 and 2;1;12;yes;8;0.666666667;4;0.666666667;yellow;2;yellow;1;no;ID194_WM_InterferenceIB_m_4y;no;5;3;0.625;0.5;0.5;0.625;0;2;
194;m;51;4;no;51;4;old;Edinburgh;no;;1 and 2;2;12;yes;8;0.666666667;4;0.666666667;yellow;2;yellow;2;no;ID194_WM_InterferenceIB_m_4y;no;5;3;0.625;0.5;0.5;0.625;0;3;
192;m;45;3;no;45;3;young;Edinburgh;no;;1 and 2;1;11;no;7;0.636363636;4;0.718181818;green;4;yellow;1;no;ID192_WM_InterferenceIB_m_3y;no;6;4;0.75;0.666666667;0.667;0.75;0;3;
192;m;45;3;no;45;3;young;Edinburgh;no;;1 and 2;2;10;yes;8;0.8;2;0.718181818;green;4;green;1;no;ID192_WM_InterferenceIB_m_3y;no;6;4;0.75;0.666666667;0.667;0.75;0;3;
169;m;52;4;no;52;4;old;Edinburgh;no;;1 and 2;1;8;no;7;0.875;1;0.755681818;yellow;2;green;2;no;ID169_WM_InterferenceIB_m_4y;no;7;5;0.875;0.833333333;0.75;0.8125;0;4;
169;m;52;4;no;52;4;old;Edinburgh;no;;1 and 2;2;11;no;7;0.636363636;4;0.755681818;yellow;2;purple;4;no;ID169_WM_InterferenceIB_m_4y;no;6;4;0.75;0.666666667;0.75;0.8125;0;3;
199;f;57;4;no;57;4;old;Edinburgh;no;;1 and 2;1;11;no;7;0.636363636;4;0.707070707;green;4;purple;4;no;ID199_WM_InterferenceIB_f_4y;no;6;4;0.75;0.666666667;0.75;0.8125;0;3;
199;f;57;4;no;57;4;old;Edinburgh;no;;1 and 2;2;9;no;7;0.777777778;2;0.707070707;yellow;2;purple;4;no;ID199_WM_InterferenceIB_f_4y;no;7;5;0.875;0.833333333;0.75;0.8125;0;3;
197;f;45;3;no;46;3;young;Edinburgh;no;;1 and 2;1;11;yes;8;0.727272727;3;0.808080808;yellow;2;green;2;no;ID197_WM_InterferenceIB_f_3y;no;5;3;0.625;0.5;0.665;0.75;0;2;
197;f;45;3;no;46;3;young;Edinburgh;no;;1 and 2;2;9;yes;8;0.888888889;1;0.808080808;yellow;2;blue;3;no;ID197_WM_InterferenceIB_f_3y;no;7;5;0.875;0.833333333;0.665;0.75;0;3;
198;f;41;3;no;41;3;young;Edinburgh;no;;1 and 2;1;13;no;7;0.538461538;6;0.560897436;yellow;2;yellow;1;no;ID198_WM_InterferenceIB_f_3y;no;6;4;0.75;0.666666667;0.918;0.6875;0;3;
198;f;41;3;no;41;3;young;Edinburgh;no;;1 and 2;2;12;no;7;0.583333333;5;0.560897436;green;4;blue;3;no;ID198_WM_InterferenceIB_f_3y;no;5;3;0.625;0.5;0.918;0.6875;0;3;
190;f;43;3;no;43;3;young;Edinburgh;no;;1 and 2;1;8;no;7;0.875;1;0.755681818;yellow;2;green;2;no;ID190_WM_InterferenceIB_f_3y;no;7;5;0.875;0.833333333;0.75;0.8125;0;4;
190;f;43;3;no;43;3;young;Edinburgh;no;;1 and 2;2;11;no;7;0.636363636;4;0.755681818;yellow;2;yellow;2;no;ID190_WM_InterferenceIB_f_3y;no;6;4;0.75;0.666666667;0.75;0.8125;0;3;
191;m;43;3;no;43;3;young;Edinburgh;no;;1 and 2;1;8;no;6;0.75;2;0.725;blue;3;yellow;1;no;ID191_WM_InterferenceIB_m_3y;no;6;4;0.75;0.666666667;0.667;0.75;0;4;
191;m;43;3;no;43;3;young;Edinburgh;no;;1 and 2;2;10;no;7;0.7;3;0.725;yellow;2;blue;3;no;ID191_WM_InterferenceIB_m_3y;no;6;4;0.75;0.666666667;0.667;0.75;0;3;
189;m;41;3;no;41;3;young;Edinburgh;no;;1 and 2;1;12;yes;8;0.666666667;4;0.683333333;purple;1;green;1;no;ID189_WM_InterferenceIB_m_3y;no;6;4;0.75;0.666666667;0.667;0.75;0;3;
189;m;41;3;no;41;3;young;Edinburgh;no;;1 and 2;2;10;no;7;0.7;3;0.683333333;yellow;2;yellow;1;no;ID189_WM_InterferenceIB_m_3y;no;6;4;0.75;0.666666667;0.667;0.75;0;3;
193;m;54;4;no;54;4;old;Edinburgh;no;;1 and 2;1;12;no;7;0.583333333;5;0.791666667;purple;1;yellow;1;no;ID193_WM_InterferenceIB_m_4y;no;6;4;0.75;0.666666667;0.833;0.875;0;3;
193;m;54;4;no;54;4;old;Edinburgh;no;;1 and 2;2;8;yes;8;1;0;0.791666667;green;4;green;1;no;ID193_WM_InterferenceIB_m_4y;yes;8;6;1;1;0.833;0.875;0;4;
196;f;36;3;no;36;3;young;Edinburgh;no;;1 and 2;1;14;yes;8;0.571428571;6;0.723214286;green;4;yellow;2;no;ID196_WM_InterferenceIB_f_3y;no;6;4;0.75;0.666666667;0.75;0.8075;0;3;
196;f;36;3;no;36;3;young;Edinburgh;no;;1 and 2;2;8;no;7;0.875;1;0.723214286;green;4;purple;4;no;ID196_WM_InterferenceIB_f_3y;no;7;5;0.875;0.833333333;0.75;0.8075;0;4;
195;m;58;4;no;58;4;old;Edinburgh;no;;1 and 2;1;8;yes;8;1;0;0.791666667;yellow;2;blue;3;no;ID195_WM_InterferenceIB_m_4y;yes;8;6;1;1;0.833;0.875;0;4;
195;m;58;4;no;58;4;old;Edinburgh;no;;1 and 2;2;12;no;7;0.583333333;5;0.791666667;yellow;2;blue;3;no;ID195_WM_InterferenceIB_m_4y;no;6;4;0.75;0.666666667;0.833;0.875;0;3;
167;f;57;4;no;58;4;old;Edinburgh;no;;1 and 2;1;14;yes;8;0.571428571;6;0.554945055;purple;1;blue;3;no;ID167_WM_InterferenceIB_f_4y;no;4;2;0.5;0.333333333;0.5;0.625;0;2;
167;f;57;4;no;58;4;old;Edinburgh;no;;1 and 2;2;13;no;7;0.538461538;6;0.554945055;purple;1;purple;4;no;ID167_WM_InterferenceIB_f_4y;no;6;4;0.75;0.666666667;0.5;0.625;0;3;
