ID;Gender;AgeMonths_midtesting;AgeGroup_midtesting;Mediansplit_midtesting_entiresample;Dropout;StoppedGame;Phase;Trial;AverageDistanceAcrossTestTrials;NurseryCode;TestingLocation
1;m;62;5;old;no;no;Warm-up;1;0.436;1;Fife
1;m;62;5;old;no;no;Warm-up;2;0.436;1;Fife
1;m;62;5;old;no;no;Test;1;0.436;1;Fife
1;m;62;5;old;no;no;Test;2;0.436;1;Fife
1;m;62;5;old;no;no;Test;3;0.436;1;Fife
1;m;62;5;old;no;no;Test;4;0.436;1;Fife
1;m;62;5;old;no;no;Test;5;0.436;1;Fife
1;m;62;5;old;no;no;Test;6;0.436;1;Fife
1;m;62;5;old;no;no;Test;7;0.436;1;Fife
1;m;62;5;old;no;no;Test;8;0.436;1;Fife
1;m;62;5;old;no;no;Test;9;0.436;1;Fife
1;m;62;5;old;no;no;Test;10;0.436;1;Fife
1;m;62;5;old;no;no;Test;11;0.436;1;Fife
1;m;62;5;old;no;no;Test;12;0.436;1;Fife
2;m;42;3;young;no;no;Warm-up;1;0.839;1;Fife
2;m;42;3;young;no;no;Warm-up;2;0.839;1;Fife
2;m;42;3;young;no;no;Test;1;0.839;1;Fife
2;m;42;3;young;no;no;Test;2;0.839;1;Fife
2;m;42;3;young;no;no;Test;3;0.839;1;Fife
2;m;42;3;young;no;no;Test;4;0.839;1;Fife
2;m;42;3;young;no;no;Test;5;0.839;1;Fife
2;m;42;3;young;no;no;Test;6;0.839;1;Fife
2;m;42;3;young;no;no;Test;7;0.839;1;Fife
2;m;42;3;young;no;no;Test;8;0.839;1;Fife
2;m;42;3;young;no;no;Test;9;0.839;1;Fife
2;m;42;3;young;no;no;Test;10;0.839;1;Fife
2;m;42;3;young;no;no;Test;11;0.839;1;Fife
2;m;42;3;young;no;no;Test;12;0.839;1;Fife
3;m;44;3;young;no;no;Warm-up;1;0.971;1;Fife
3;m;44;3;young;no;no;Warm-up;2;0.971;1;Fife
3;m;44;3;young;no;no;Test;1;0.971;1;Fife
3;m;44;3;young;no;no;Test;2;0.971;1;Fife
3;m;44;3;young;no;no;Test;3;0.971;1;Fife
3;m;44;3;young;no;no;Test;4;0.971;1;Fife
3;m;44;3;young;no;no;Test;5;0.971;1;Fife
3;m;44;3;young;no;no;Test;6;0.971;1;Fife
3;m;44;3;young;no;no;Test;7;0.971;1;Fife
3;m;44;3;young;no;no;Test;8;0.971;1;Fife
3;m;44;3;young;no;no;Test;9;0.971;1;Fife
3;m;44;3;young;no;no;Test;10;0.971;1;Fife
3;m;44;3;young;no;no;Test;11;0.971;1;Fife
3;m;44;3;young;no;no;Test;12;0.971;1;Fife
4;m;63;5;old;no;no;Warm-up;1;1.358;1;Fife
4;m;63;5;old;no;no;Warm-up;2;1.358;1;Fife
4;m;63;5;old;no;no;Test;1;1.358;1;Fife
4;m;63;5;old;no;no;Test;2;1.358;1;Fife
4;m;63;5;old;no;no;Test;3;1.358;1;Fife
4;m;63;5;old;no;no;Test;4;1.358;1;Fife
4;m;63;5;old;no;no;Test;5;1.358;1;Fife
4;m;63;5;old;no;no;Test;6;1.358;1;Fife
4;m;63;5;old;no;no;Test;7;1.358;1;Fife
4;m;63;5;old;no;no;Test;8;1.358;1;Fife
4;m;63;5;old;no;no;Test;9;1.358;1;Fife
4;m;63;5;old;no;no;Test;10;1.358;1;Fife
4;m;63;5;old;no;no;Test;11;1.358;1;Fife
4;m;63;5;old;no;no;Test;12;1.358;1;Fife
5;f;46;3;young;no;no;Warm-up;1;1.355;1;Fife
5;f;46;3;young;no;no;Warm-up;2;1.355;1;Fife
5;f;46;3;young;no;no;Test;1;1.355;1;Fife
5;f;46;3;young;no;no;Test;2;1.355;1;Fife
5;f;46;3;young;no;no;Test;3;1.355;1;Fife
5;f;46;3;young;no;no;Test;4;1.355;1;Fife
5;f;46;3;young;no;no;Test;5;1.355;1;Fife
5;f;46;3;young;no;no;Test;6;1.355;1;Fife
5;f;46;3;young;no;no;Test;7;1.355;1;Fife
5;f;46;3;young;no;no;Test;8;1.355;1;Fife
5;f;46;3;young;no;no;Test;9;1.355;1;Fife
5;f;46;3;young;no;no;Test;10;1.355;1;Fife
5;f;46;3;young;no;no;Test;11;1.355;1;Fife
5;f;46;3;young;no;no;Test;12;1.355;1;Fife
7;m;46;3;young;no;no;Warm-up;1;0.95;1;Fife
7;m;46;3;young;no;no;Warm-up;2;0.95;1;Fife
7;m;46;3;young;no;no;Test;1;0.95;1;Fife
7;m;46;3;young;no;no;Test;2;0.95;1;Fife
7;m;46;3;young;no;no;Test;3;0.95;1;Fife
7;m;46;3;young;no;no;Test;4;0.95;1;Fife
7;m;46;3;young;no;no;Test;5;0.95;1;Fife
7;m;46;3;young;no;no;Test;6;0.95;1;Fife
7;m;46;3;young;no;no;Test;7;0.95;1;Fife
7;m;46;3;young;no;no;Test;8;0.95;1;Fife
7;m;46;3;young;no;no;Test;9;0.95;1;Fife
7;m;46;3;young;no;no;Test;10;0.95;1;Fife
7;m;46;3;young;no;no;Test;11;0.95;1;Fife
7;m;46;3;young;no;no;Test;12;0.95;1;Fife
8;m;58;4;old;no;no;Warm-up;1;1.254;2;Fife
8;m;58;4;old;no;no;Warm-up;2;1.254;2;Fife
8;m;58;4;old;no;no;Test;1;1.254;2;Fife
8;m;58;4;old;no;no;Test;2;1.254;2;Fife
8;m;58;4;old;no;no;Test;3;1.254;2;Fife
8;m;58;4;old;no;no;Test;4;1.254;2;Fife
8;m;58;4;old;no;no;Test;5;1.254;2;Fife
8;m;58;4;old;no;no;Test;6;1.254;2;Fife
8;m;58;4;old;no;no;Test;7;1.254;2;Fife
8;m;58;4;old;no;no;Test;8;1.254;2;Fife
8;m;58;4;old;no;no;Test;9;1.254;2;Fife
8;m;58;4;old;no;no;Test;10;1.254;2;Fife
8;m;58;4;old;no;no;Test;11;1.254;2;Fife
8;m;58;4;old;no;no;Test;12;1.254;2;Fife
9;f;41;3;young;no;no;Warm-up;1;0.783;2;Fife
9;f;41;3;young;no;no;Warm-up;2;0.783;2;Fife
9;f;41;3;young;no;no;Test;1;0.783;2;Fife
9;f;41;3;young;no;no;Test;2;0.783;2;Fife
9;f;41;3;young;no;no;Test;3;0.783;2;Fife
9;f;41;3;young;no;no;Test;4;0.783;2;Fife
9;f;41;3;young;no;no;Test;5;0.783;2;Fife
9;f;41;3;young;no;no;Test;6;0.783;2;Fife
9;f;41;3;young;no;no;Test;7;0.783;2;Fife
9;f;41;3;young;no;no;Test;8;0.783;2;Fife
9;f;41;3;young;no;no;Test;9;0.783;2;Fife
9;f;41;3;young;no;no;Test;10;0.783;2;Fife
9;f;41;3;young;no;no;Test;11;0.783;2;Fife
9;f;41;3;young;no;no;Test;12;0.783;2;Fife
10;m;44;3;young;yes;yes;Warm-up;1;;2;Fife
10;m;44;3;young;yes;yes;Warm-up;2;;2;Fife
10;m;44;3;young;yes;yes;Test;1;0.4;2;Fife
10;m;44;3;young;yes;yes;Test;2;0.4;2;Fife
10;m;44;3;young;yes;yes;Test;3;0.4;2;Fife
10;m;44;3;young;yes;yes;Test;4;0.4;2;Fife
10;m;44;3;young;yes;yes;Test;5;0.4;2;Fife
11;f;63;5;old;no;no;Warm-up;1;0.5;2;Fife
11;f;63;5;old;no;no;Warm-up;2;0.5;2;Fife
11;f;63;5;old;no;no;Test;1;0.5;2;Fife
11;f;63;5;old;no;no;Test;2;0.5;2;Fife
11;f;63;5;old;no;no;Test;3;0.5;2;Fife
11;f;63;5;old;no;no;Test;4;0.5;2;Fife
11;f;63;5;old;no;no;Test;5;0.5;2;Fife
11;f;63;5;old;no;no;Test;6;0.5;2;Fife
11;f;63;5;old;no;no;Test;7;0.5;2;Fife
11;f;63;5;old;no;no;Test;8;0.5;2;Fife
11;f;63;5;old;no;no;Test;9;0.5;2;Fife
11;f;63;5;old;no;no;Test;10;0.5;2;Fife
11;f;63;5;old;no;no;Test;11;0.5;2;Fife
11;f;63;5;old;no;no;Test;12;0.5;2;Fife
12;f;63;5;old;no;no;Warm-up;1;0.642;2;Fife
12;f;63;5;old;no;no;Warm-up;2;0.642;2;Fife
12;f;63;5;old;no;no;Test;1;0.642;2;Fife
12;f;63;5;old;no;no;Test;2;0.642;2;Fife
12;f;63;5;old;no;no;Test;3;0.642;2;Fife
12;f;63;5;old;no;no;Test;4;0.642;2;Fife
12;f;63;5;old;no;no;Test;5;0.642;2;Fife
12;f;63;5;old;no;no;Test;6;0.642;2;Fife
12;f;63;5;old;no;no;Test;7;0.642;2;Fife
12;f;63;5;old;no;no;Test;8;0.642;2;Fife
12;f;63;5;old;no;no;Test;9;0.642;2;Fife
12;f;63;5;old;no;no;Test;10;0.642;2;Fife
12;f;63;5;old;no;no;Test;11;0.642;2;Fife
12;f;63;5;old;no;no;Test;12;0.642;2;Fife
13;f;42;3;young;no;no;Warm-up;1;1.186;3;Fife
13;f;42;3;young;no;no;Warm-up;2;1.186;3;Fife
13;f;42;3;young;no;no;Test;1;1.186;3;Fife
13;f;42;3;young;no;no;Test;2;1.186;3;Fife
13;f;42;3;young;no;no;Test;3;1.186;3;Fife
13;f;42;3;young;no;no;Test;4;1.186;3;Fife
13;f;42;3;young;no;no;Test;5;1.186;3;Fife
13;f;42;3;young;no;no;Test;6;1.186;3;Fife
13;f;42;3;young;no;no;Test;7;1.186;3;Fife
13;f;42;3;young;no;no;Test;8;1.186;3;Fife
13;f;42;3;young;no;no;Test;9;1.186;3;Fife
13;f;42;3;young;no;no;Test;10;1.186;3;Fife
13;f;42;3;young;no;no;Test;11;1.186;3;Fife
13;f;42;3;young;no;no;Test;12;1.186;3;Fife
14;m;44;3;young;no;no;Warm-up;1;1.025;3;Fife
14;m;44;3;young;no;no;Warm-up;2;1.025;3;Fife
14;m;44;3;young;no;no;Test;1;1.025;3;Fife
14;m;44;3;young;no;no;Test;2;1.025;3;Fife
14;m;44;3;young;no;no;Test;3;1.025;3;Fife
14;m;44;3;young;no;no;Test;4;1.025;3;Fife
14;m;44;3;young;no;no;Test;5;1.025;3;Fife
14;m;44;3;young;no;no;Test;6;1.025;3;Fife
14;m;44;3;young;no;no;Test;7;1.025;3;Fife
14;m;44;3;young;no;no;Test;8;1.025;3;Fife
14;m;44;3;young;no;no;Test;9;1.025;3;Fife
14;m;44;3;young;no;no;Test;10;1.025;3;Fife
14;m;44;3;young;no;no;Test;11;1.025;3;Fife
14;m;44;3;young;no;no;Test;12;1.025;3;Fife
15;f;54;4;old;no;no;Warm-up;1;0.804;4;Edinburgh
15;f;54;4;old;no;no;Warm-up;2;0.804;4;Edinburgh
15;f;54;4;old;no;no;Test;1;0.804;4;Edinburgh
15;f;54;4;old;no;no;Test;2;0.804;4;Edinburgh
15;f;54;4;old;no;no;Test;3;0.804;4;Edinburgh
15;f;54;4;old;no;no;Test;4;0.804;4;Edinburgh
15;f;54;4;old;no;no;Test;5;0.804;4;Edinburgh
15;f;54;4;old;no;no;Test;6;0.804;4;Edinburgh
15;f;54;4;old;no;no;Test;7;0.804;4;Edinburgh
15;f;54;4;old;no;no;Test;8;0.804;4;Edinburgh
15;f;54;4;old;no;no;Test;9;0.804;4;Edinburgh
15;f;54;4;old;no;no;Test;10;0.804;4;Edinburgh
15;f;54;4;old;no;no;Test;11;0.804;4;Edinburgh
15;f;54;4;old;no;no;Test;12;0.804;4;Edinburgh
17;f;40;3;young;no;no;Warm-up;1;1.605;4;Edinburgh
17;f;40;3;young;no;no;Warm-up;2;1.605;4;Edinburgh
17;f;40;3;young;no;no;Test;1;1.605;4;Edinburgh
17;f;40;3;young;no;no;Test;2;1.605;4;Edinburgh
17;f;40;3;young;no;no;Test;3;1.605;4;Edinburgh
17;f;40;3;young;no;no;Test;4;1.605;4;Edinburgh
17;f;40;3;young;no;no;Test;5;1.605;4;Edinburgh
17;f;40;3;young;no;no;Test;6;1.605;4;Edinburgh
17;f;40;3;young;no;no;Test;7;1.605;4;Edinburgh
17;f;40;3;young;no;no;Test;8;1.605;4;Edinburgh
17;f;40;3;young;no;no;Test;9;1.605;4;Edinburgh
17;f;40;3;young;no;no;Test;10;1.605;4;Edinburgh
17;f;40;3;young;no;no;Test;11;1.605;4;Edinburgh
17;f;40;3;young;no;no;Test;12;1.605;4;Edinburgh
18;f;44;3;young;no;no;Warm-up;1;0.583;4;Edinburgh
18;f;44;3;young;no;no;Warm-up;2;0.583;4;Edinburgh
18;f;44;3;young;no;no;Test;1;0.583;4;Edinburgh
18;f;44;3;young;no;no;Test;2;0.583;4;Edinburgh
18;f;44;3;young;no;no;Test;3;0.583;4;Edinburgh
18;f;44;3;young;no;no;Test;4;0.583;4;Edinburgh
18;f;44;3;young;no;no;Test;5;0.583;4;Edinburgh
18;f;44;3;young;no;no;Test;6;0.583;4;Edinburgh
18;f;44;3;young;no;no;Test;7;0.583;4;Edinburgh
18;f;44;3;young;no;no;Test;8;0.583;4;Edinburgh
18;f;44;3;young;no;no;Test;9;0.583;4;Edinburgh
18;f;44;3;young;no;no;Test;10;0.583;4;Edinburgh
18;f;44;3;young;no;no;Test;11;0.583;4;Edinburgh
18;f;44;3;young;no;no;Test;12;0.583;4;Edinburgh
19;f;39;3;young;no;no;Warm-up;1;0.706;5;Fife
19;f;39;3;young;no;no;Warm-up;2;0.706;5;Fife
19;f;39;3;young;no;no;Test;1;0.706;5;Fife
19;f;39;3;young;no;no;Test;2;0.706;5;Fife
19;f;39;3;young;no;no;Test;3;0.706;5;Fife
19;f;39;3;young;no;no;Test;4;0.706;5;Fife
19;f;39;3;young;no;no;Test;5;0.706;5;Fife
19;f;39;3;young;no;no;Test;6;0.706;5;Fife
19;f;39;3;young;no;no;Test;7;0.706;5;Fife
19;f;39;3;young;no;no;Test;8;0.706;5;Fife
19;f;39;3;young;no;no;Test;9;0.706;5;Fife
19;f;39;3;young;no;no;Test;10;0.706;5;Fife
19;f;39;3;young;no;no;Test;11;0.706;5;Fife
19;f;39;3;young;no;no;Test;12;0.706;5;Fife
20;f;56;4;old;no;no;Warm-up;1;0.819;5;Fife
20;f;56;4;old;no;no;Warm-up;2;0.819;5;Fife
20;f;56;4;old;no;no;Test;1;0.819;5;Fife
20;f;56;4;old;no;no;Test;2;0.819;5;Fife
20;f;56;4;old;no;no;Test;3;0.819;5;Fife
20;f;56;4;old;no;no;Test;4;0.819;5;Fife
20;f;56;4;old;no;no;Test;5;0.819;5;Fife
20;f;56;4;old;no;no;Test;6;0.819;5;Fife
20;f;56;4;old;no;no;Test;7;0.819;5;Fife
20;f;56;4;old;no;no;Test;8;0.819;5;Fife
20;f;56;4;old;no;no;Test;9;0.819;5;Fife
20;f;56;4;old;no;no;Test;10;0.819;5;Fife
20;f;56;4;old;no;no;Test;11;0.819;5;Fife
20;f;56;4;old;no;no;Test;12;0.819;5;Fife
21;f;43;3;young;no;no;Warm-up;1;0.534;5;Fife
21;f;43;3;young;no;no;Warm-up;2;0.534;5;Fife
21;f;43;3;young;no;no;Test;1;0.534;5;Fife
21;f;43;3;young;no;no;Test;2;0.534;5;Fife
21;f;43;3;young;no;no;Test;3;0.534;5;Fife
21;f;43;3;young;no;no;Test;4;0.534;5;Fife
21;f;43;3;young;no;no;Test;5;0.534;5;Fife
21;f;43;3;young;no;no;Test;6;0.534;5;Fife
21;f;43;3;young;no;no;Test;7;0.534;5;Fife
21;f;43;3;young;no;no;Test;8;0.534;5;Fife
21;f;43;3;young;no;no;Test;9;0.534;5;Fife
21;f;43;3;young;no;no;Test;10;0.534;5;Fife
21;f;43;3;young;no;no;Test;11;0.534;5;Fife
21;f;43;3;young;no;no;Test;12;0.534;5;Fife
22;f;57;4;old;yes;yes, trial 5;Warm-up;1;1.315;5;Fife
22;f;57;4;old;yes;yes, trial 5;Warm-up;2;1.315;5;Fife
22;f;57;4;old;yes;yes, trial 5;Test;1;1.315;5;Fife
22;f;57;4;old;yes;yes, trial 5;Test;2;1.315;5;Fife
22;f;57;4;old;yes;yes, trial 5;Test;3;1.315;5;Fife
22;f;57;4;old;yes;yes, trial 5;Test;4;1.315;5;Fife
22;f;57;4;old;yes;yes, trial 5;Test;5;1.315;5;Fife
23;f;54;4;old;no;no;Warm-up;1;0.922;5;Fife
23;f;54;4;old;no;no;Warm-up;2;0.922;5;Fife
23;f;54;4;old;no;no;Test;1;0.922;5;Fife
23;f;54;4;old;no;no;Test;2;0.922;5;Fife
23;f;54;4;old;no;no;Test;3;0.922;5;Fife
23;f;54;4;old;no;no;Test;4;0.922;5;Fife
23;f;54;4;old;no;no;Test;5;0.922;5;Fife
23;f;54;4;old;no;no;Test;6;0.922;5;Fife
23;f;54;4;old;no;no;Test;7;0.922;5;Fife
23;f;54;4;old;no;no;Test;8;0.922;5;Fife
23;f;54;4;old;no;no;Test;9;0.922;5;Fife
23;f;54;4;old;no;no;Test;10;0.922;5;Fife
23;f;54;4;old;no;no;Test;11;0.922;5;Fife
23;f;54;4;old;no;no;Test;12;0.922;5;Fife
24;f;56;4;old;no;no;Warm-up;1;1.090;4;Edinburgh
24;f;56;4;old;no;no;Warm-up;2;1.090;4;Edinburgh
24;f;56;4;old;no;no;Test;1;1.090;4;Edinburgh
24;f;56;4;old;no;no;Test;2;1.090;4;Edinburgh
24;f;56;4;old;no;no;Test;3;1.090;4;Edinburgh
24;f;56;4;old;no;no;Test;4;1.090;4;Edinburgh
24;f;56;4;old;no;no;Test;5;1.090;4;Edinburgh
24;f;56;4;old;no;no;Test;6;1.090;4;Edinburgh
24;f;56;4;old;no;no;Test;7;1.090;4;Edinburgh
24;f;56;4;old;no;no;Test;8;1.090;4;Edinburgh
24;f;56;4;old;no;no;Test;9;1.090;4;Edinburgh
24;f;56;4;old;no;no;Test;10;1.090;4;Edinburgh
24;f;56;4;old;no;no;Test;11;1.090;4;Edinburgh
24;f;56;4;old;no;no;Test;12;1.090;4;Edinburgh
25;f;51;4;old;no;no;Warm-up;1;0.368;4;Edinburgh
25;f;51;4;old;no;no;Warm-up;2;0.368;4;Edinburgh
25;f;51;4;old;no;no;Test;1;0.368;4;Edinburgh
25;f;51;4;old;no;no;Test;2;0.368;4;Edinburgh
25;f;51;4;old;no;no;Test;3;0.368;4;Edinburgh
25;f;51;4;old;no;no;Test;4;0.368;4;Edinburgh
25;f;51;4;old;no;no;Test;5;0.368;4;Edinburgh
25;f;51;4;old;no;no;Test;6;0.368;4;Edinburgh
25;f;51;4;old;no;no;Test;7;0.368;4;Edinburgh
25;f;51;4;old;no;no;Test;8;0.368;4;Edinburgh
25;f;51;4;old;no;no;Test;9;0.368;4;Edinburgh
25;f;51;4;old;no;no;Test;10;0.368;4;Edinburgh
25;f;51;4;old;no;no;Test;11;0.368;4;Edinburgh
25;f;51;4;old;no;no;Test;12;0.368;4;Edinburgh
26;m;52;4;old;no;no;Warm-up;1;1.211;6;Fife
26;m;52;4;old;no;no;Warm-up;2;1.211;6;Fife
26;m;52;4;old;no;no;Test;1;1.211;6;Fife
26;m;52;4;old;no;no;Test;2;1.211;6;Fife
26;m;52;4;old;no;no;Test;3;1.211;6;Fife
26;m;52;4;old;no;no;Test;4;1.211;6;Fife
26;m;52;4;old;no;no;Test;5;1.211;6;Fife
26;m;52;4;old;no;no;Test;6;1.211;6;Fife
26;m;52;4;old;no;no;Test;7;1.211;6;Fife
26;m;52;4;old;no;no;Test;8;1.211;6;Fife
26;m;52;4;old;no;no;Test;9;1.211;6;Fife
26;m;52;4;old;no;no;Test;10;1.211;6;Fife
26;m;52;4;old;no;no;Test;11;1.211;6;Fife
26;m;52;4;old;no;no;Test;12;1.211;6;Fife
27;f;55;4;old;no;no;Warm-up;1;0.824;6;Fife
27;f;55;4;old;no;no;Warm-up;2;0.824;6;Fife
27;f;55;4;old;no;no;Test;1;0.824;6;Fife
27;f;55;4;old;no;no;Test;2;0.824;6;Fife
27;f;55;4;old;no;no;Test;3;0.824;6;Fife
27;f;55;4;old;no;no;Test;4;0.824;6;Fife
27;f;55;4;old;no;no;Test;5;0.824;6;Fife
27;f;55;4;old;no;no;Test;6;0.824;6;Fife
27;f;55;4;old;no;no;Test;7;0.824;6;Fife
27;f;55;4;old;no;no;Test;8;0.824;6;Fife
27;f;55;4;old;no;no;Test;9;0.824;6;Fife
27;f;55;4;old;no;no;Test;10;0.824;6;Fife
27;f;55;4;old;no;no;Test;11;0.824;6;Fife
27;f;55;4;old;no;no;Test;12;0.824;6;Fife
28;m;49;4;young;no;no;Warm-up;1;0.824;6;Fife
28;m;49;4;young;no;no;Warm-up;2;0.824;6;Fife
28;m;49;4;young;no;no;Test;1;0.824;6;Fife
28;m;49;4;young;no;no;Test;2;0.824;6;Fife
28;m;49;4;young;no;no;Test;3;0.824;6;Fife
28;m;49;4;young;no;no;Test;4;0.824;6;Fife
28;m;49;4;young;no;no;Test;5;0.824;6;Fife
28;m;49;4;young;no;no;Test;6;0.824;6;Fife
28;m;49;4;young;no;no;Test;7;0.824;6;Fife
28;m;49;4;young;no;no;Test;8;0.824;6;Fife
28;m;49;4;young;no;no;Test;9;0.824;6;Fife
28;m;49;4;young;no;no;Test;10;0.824;6;Fife
28;m;49;4;young;no;no;Test;11;0.824;6;Fife
28;m;49;4;young;no;no;Test;12;0.824;6;Fife
29;f;50;4;old;no;no;Warm-up;1;1.054;6;Fife
29;f;50;4;old;no;no;Warm-up;2;1.054;6;Fife
29;f;50;4;old;no;no;Test;1;1.054;6;Fife
29;f;50;4;old;no;no;Test;2;1.054;6;Fife
29;f;50;4;old;no;no;Test;3;1.054;6;Fife
29;f;50;4;old;no;no;Test;4;1.054;6;Fife
29;f;50;4;old;no;no;Test;5;1.054;6;Fife
29;f;50;4;old;no;no;Test;6;1.054;6;Fife
29;f;50;4;old;no;no;Test;7;1.054;6;Fife
29;f;50;4;old;no;no;Test;8;1.054;6;Fife
29;f;50;4;old;no;no;Test;9;1.054;6;Fife
29;f;50;4;old;no;no;Test;10;1.054;6;Fife
29;f;50;4;old;no;no;Test;11;1.054;6;Fife
29;f;50;4;old;no;no;Test;12;1.054;6;Fife
30;m;52;4;old;no;no;Warm-up;1;0.52;6;Fife
30;m;52;4;old;no;no;Warm-up;2;0.52;6;Fife
30;m;52;4;old;no;no;Test;1;0.52;6;Fife
30;m;52;4;old;no;no;Test;2;0.52;6;Fife
30;m;52;4;old;no;no;Test;3;0.52;6;Fife
30;m;52;4;old;no;no;Test;4;0.52;6;Fife
30;m;52;4;old;no;no;Test;5;0.52;6;Fife
30;m;52;4;old;no;no;Test;6;0.52;6;Fife
30;m;52;4;old;no;no;Test;7;0.52;6;Fife
30;m;52;4;old;no;no;Test;8;0.52;6;Fife
30;m;52;4;old;no;no;Test;9;0.52;6;Fife
30;m;52;4;old;no;no;Test;10;0.52;6;Fife
30;m;52;4;old;no;no;Test;11;0.52;6;Fife
30;m;52;4;old;no;no;Test;12;0.52;6;Fife
31;f;44;3;young;no;no;Warm-up;1;1.005;6;Fife
31;f;44;3;young;no;no;Warm-up;2;1.005;6;Fife
31;f;44;3;young;no;no;Test;1;1.005;6;Fife
31;f;44;3;young;no;no;Test;2;1.005;6;Fife
31;f;44;3;young;no;no;Test;3;1.005;6;Fife
31;f;44;3;young;no;no;Test;4;1.005;6;Fife
31;f;44;3;young;no;no;Test;5;1.005;6;Fife
31;f;44;3;young;no;no;Test;6;1.005;6;Fife
31;f;44;3;young;no;no;Test;7;1.005;6;Fife
31;f;44;3;young;no;no;Test;8;1.005;6;Fife
31;f;44;3;young;no;no;Test;9;1.005;6;Fife
31;f;44;3;young;no;no;Test;10;1.005;6;Fife
31;f;44;3;young;no;no;Test;11;1.005;6;Fife
31;f;44;3;young;no;no;Test;12;1.005;6;Fife
32;f;43;3;young;no;no;Warm-up;1;0.853;6;Fife
32;f;43;3;young;no;no;Warm-up;2;0.853;6;Fife
32;f;43;3;young;no;no;Test;1;0.853;6;Fife
32;f;43;3;young;no;no;Test;2;0.853;6;Fife
32;f;43;3;young;no;no;Test;3;0.853;6;Fife
32;f;43;3;young;no;no;Test;4;0.853;6;Fife
32;f;43;3;young;no;no;Test;5;0.853;6;Fife
32;f;43;3;young;no;no;Test;6;0.853;6;Fife
32;f;43;3;young;no;no;Test;7;0.853;6;Fife
32;f;43;3;young;no;no;Test;8;0.853;6;Fife
32;f;43;3;young;no;no;Test;9;0.853;6;Fife
32;f;43;3;young;no;no;Test;10;0.853;6;Fife
32;f;43;3;young;no;no;Test;11;0.853;6;Fife
32;f;43;3;young;no;no;Test;12;0.853;6;Fife
33;f;47;3;young;yes;yes, in the middle of the 8th test trial;Warm-up;1;0.782;6;Fife
33;f;47;3;young;yes;yes, in the middle of the 8th test trial;Warm-up;2;0.782;6;Fife
33;f;47;3;young;yes;yes, in the middle of the 8th test trial;Test;1;0.782;6;Fife
33;f;47;3;young;yes;yes, in the middle of the 8th test trial;Test;2;0.782;6;Fife
33;f;47;3;young;yes;yes, in the middle of the 8th test trial;Test;3;0.782;6;Fife
33;f;47;3;young;yes;yes, in the middle of the 8th test trial;Test;4;0.782;6;Fife
33;f;47;3;young;yes;yes, in the middle of the 8th test trial;Test;5;0.782;6;Fife
33;f;47;3;young;yes;yes, in the middle of the 8th test trial;Test;6;0.782;6;Fife
33;f;47;3;young;yes;yes, in the middle of the 8th test trial;Test;7;0.782;6;Fife
34;f;46;3;young;no;yes, after 9 test trials;Warm-up;1;1.424;6;Fife
34;f;46;3;young;no;yes, after 9 test trials;Warm-up;2;1.424;6;Fife
34;f;46;3;young;no;yes, after 9 test trials;Test;1;1.424;6;Fife
34;f;46;3;young;no;yes, after 9 test trials;Test;2;1.424;6;Fife
34;f;46;3;young;no;yes, after 9 test trials;Test;3;1.424;6;Fife
34;f;46;3;young;no;yes, after 9 test trials;Test;4;1.424;6;Fife
34;f;46;3;young;no;yes, after 9 test trials;Test;5;1.424;6;Fife
34;f;46;3;young;no;yes, after 9 test trials;Test;6;1.424;6;Fife
34;f;46;3;young;no;yes, after 9 test trials;Test;7;1.424;6;Fife
34;f;46;3;young;no;yes, after 9 test trials;Test;8;1.424;6;Fife
34;f;46;3;young;no;yes, after 9 test trials;Test;9;1.424;6;Fife
35;m;38;3;young;no;no;Warm-up;1;0.887;6;Fife
35;m;38;3;young;no;no;Warm-up;2;0.887;6;Fife
35;m;38;3;young;no;no;Test;1;0.887;6;Fife
35;m;38;3;young;no;no;Test;2;0.887;6;Fife
35;m;38;3;young;no;no;Test;3;0.887;6;Fife
35;m;38;3;young;no;no;Test;4;0.887;6;Fife
35;m;38;3;young;no;no;Test;5;0.887;6;Fife
35;m;38;3;young;no;no;Test;6;0.887;6;Fife
35;m;38;3;young;no;no;Test;7;0.887;6;Fife
35;m;38;3;young;no;no;Test;8;0.887;6;Fife
35;m;38;3;young;no;no;Test;9;0.887;6;Fife
35;m;38;3;young;no;no;Test;10;0.887;6;Fife
35;m;38;3;young;no;no;Test;11;0.887;6;Fife
35;m;38;3;young;no;no;Test;12;0.887;6;Fife
36;m;41;3;young;no;no;Warm-up;1;1.236;6;Fife
36;m;41;3;young;no;no;Warm-up;2;1.236;6;Fife
36;m;41;3;young;no;no;Test;1;1.236;6;Fife
36;m;41;3;young;no;no;Test;2;1.236;6;Fife
36;m;41;3;young;no;no;Test;3;1.236;6;Fife
36;m;41;3;young;no;no;Test;4;1.236;6;Fife
36;m;41;3;young;no;no;Test;5;1.236;6;Fife
36;m;41;3;young;no;no;Test;6;1.236;6;Fife
36;m;41;3;young;no;no;Test;7;1.236;6;Fife
36;m;41;3;young;no;no;Test;8;1.236;6;Fife
36;m;41;3;young;no;no;Test;9;1.236;6;Fife
36;m;41;3;young;no;no;Test;10;1.236;6;Fife
36;m;41;3;young;no;no;Test;11;1.236;6;Fife
36;m;41;3;young;no;no;Test;12;1.236;6;Fife
37;f;40;3;young;no;no;Warm-up;1;1.045;6;Fife
37;f;40;3;young;no;no;Warm-up;2;1.045;6;Fife
37;f;40;3;young;no;no;Test;1;1.045;6;Fife
37;f;40;3;young;no;no;Test;2;1.045;6;Fife
37;f;40;3;young;no;no;Test;3;1.045;6;Fife
37;f;40;3;young;no;no;Test;4;1.045;6;Fife
37;f;40;3;young;no;no;Test;5;1.045;6;Fife
37;f;40;3;young;no;no;Test;6;1.045;6;Fife
37;f;40;3;young;no;no;Test;7;1.045;6;Fife
37;f;40;3;young;no;no;Test;8;1.045;6;Fife
37;f;40;3;young;no;no;Test;9;1.045;6;Fife
37;f;40;3;young;no;no;Test;10;1.045;6;Fife
37;f;40;3;young;no;no;Test;11;1.045;6;Fife
37;f;40;3;young;no;no;Test;12;1.045;6;Fife
38;m;46;3;young;no;no;Warm-up;1;0.618;4;Edinburgh
38;m;46;3;young;no;no;Warm-up;2;0.618;4;Edinburgh
38;m;46;3;young;no;no;Test;1;0.618;4;Edinburgh
38;m;46;3;young;no;no;Test;2;0.618;4;Edinburgh
38;m;46;3;young;no;no;Test;3;0.618;4;Edinburgh
38;m;46;3;young;no;no;Test;4;0.618;4;Edinburgh
38;m;46;3;young;no;no;Test;5;0.618;4;Edinburgh
38;m;46;3;young;no;no;Test;6;0.618;4;Edinburgh
38;m;46;3;young;no;no;Test;7;0.618;4;Edinburgh
38;m;46;3;young;no;no;Test;8;0.618;4;Edinburgh
38;m;46;3;young;no;no;Test;9;0.618;4;Edinburgh
38;m;46;3;young;no;no;Test;10;0.618;4;Edinburgh
38;m;46;3;young;no;no;Test;11;0.618;4;Edinburgh
38;m;46;3;young;no;no;Test;12;0.618;4;Edinburgh
40;f;54;4;old;no;no;Warm-up;1;0.437;4;Edinburgh
40;f;54;4;old;no;no;Warm-up;2;0.437;4;Edinburgh
40;f;54;4;old;no;no;Test;1;0.437;4;Edinburgh
40;f;54;4;old;no;no;Test;2;0.437;4;Edinburgh
40;f;54;4;old;no;no;Test;3;0.437;4;Edinburgh
40;f;54;4;old;no;no;Test;4;0.437;4;Edinburgh
40;f;54;4;old;no;no;Test;5;0.437;4;Edinburgh
40;f;54;4;old;no;no;Test;6;0.437;4;Edinburgh
40;f;54;4;old;no;no;Test;7;0.437;4;Edinburgh
40;f;54;4;old;no;no;Test;8;0.437;4;Edinburgh
40;f;54;4;old;no;no;Test;9;0.437;4;Edinburgh
40;f;54;4;old;no;no;Test;10;0.437;4;Edinburgh
40;f;54;4;old;no;no;Test;11;0.437;4;Edinburgh
40;f;54;4;old;no;no;Test;12;0.437;4;Edinburgh
41;m;54;4;old;no;no;Warm-up;1;0.167;4;Edinburgh
41;m;54;4;old;no;no;Warm-up;2;0.167;4;Edinburgh
41;m;54;4;old;no;no;Test;1;0.167;4;Edinburgh
41;m;54;4;old;no;no;Test;2;0.167;4;Edinburgh
41;m;54;4;old;no;no;Test;3;0.167;4;Edinburgh
41;m;54;4;old;no;no;Test;4;0.167;4;Edinburgh
41;m;54;4;old;no;no;Test;5;0.167;4;Edinburgh
41;m;54;4;old;no;no;Test;6;0.167;4;Edinburgh
41;m;54;4;old;no;no;Test;7;0.167;4;Edinburgh
41;m;54;4;old;no;no;Test;8;0.167;4;Edinburgh
41;m;54;4;old;no;no;Test;9;0.167;4;Edinburgh
41;m;54;4;old;no;no;Test;10;0.167;4;Edinburgh
41;m;54;4;old;no;no;Test;11;0.167;4;Edinburgh
41;m;54;4;old;no;no;Test;12;0.167;4;Edinburgh
42;f;56;4;old;no;no;Warm-up;1;0.858;4;Edinburgh
42;f;56;4;old;no;no;Warm-up;2;0.858;4;Edinburgh
42;f;56;4;old;no;no;Test;1;0.858;4;Edinburgh
42;f;56;4;old;no;no;Test;2;0.858;4;Edinburgh
42;f;56;4;old;no;no;Test;3;0.858;4;Edinburgh
42;f;56;4;old;no;no;Test;4;0.858;4;Edinburgh
42;f;56;4;old;no;no;Test;5;0.858;4;Edinburgh
42;f;56;4;old;no;no;Test;6;0.858;4;Edinburgh
42;f;56;4;old;no;no;Test;7;0.858;4;Edinburgh
42;f;56;4;old;no;no;Test;8;0.858;4;Edinburgh
42;f;56;4;old;no;no;Test;9;0.858;4;Edinburgh
42;f;56;4;old;no;no;Test;10;0.858;4;Edinburgh
42;f;56;4;old;no;no;Test;11;0.858;4;Edinburgh
42;f;56;4;old;no;no;Test;12;0.858;4;Edinburgh
43;m;40;3;young;no;no;Warm-up;1;0.75;4;Edinburgh
43;m;40;3;young;no;no;Warm-up;2;0.75;4;Edinburgh
43;m;40;3;young;no;no;Test;1;0.75;4;Edinburgh
43;m;40;3;young;no;no;Test;2;0.75;4;Edinburgh
43;m;40;3;young;no;no;Test;3;0.75;4;Edinburgh
43;m;40;3;young;no;no;Test;4;0.75;4;Edinburgh
43;m;40;3;young;no;no;Test;5;0.75;4;Edinburgh
43;m;40;3;young;no;no;Test;6;0.75;4;Edinburgh
43;m;40;3;young;no;no;Test;7;0.75;4;Edinburgh
43;m;40;3;young;no;no;Test;8;0.75;4;Edinburgh
43;m;40;3;young;no;no;Test;9;0.75;4;Edinburgh
43;m;40;3;young;no;no;Test;10;0.75;4;Edinburgh
43;m;40;3;young;no;no;Test;11;0.75;4;Edinburgh
43;m;40;3;young;no;no;Test;12;0.75;4;Edinburgh
44;m;43;3;young;no;no;Warm-up;1;1.143;4;Edinburgh
44;m;43;3;young;no;no;Warm-up;2;1.143;4;Edinburgh
44;m;43;3;young;no;no;Test;1;1.143;4;Edinburgh
44;m;43;3;young;no;no;Test;2;1.143;4;Edinburgh
44;m;43;3;young;no;no;Test;3;1.143;4;Edinburgh
44;m;43;3;young;no;no;Test;4;1.143;4;Edinburgh
44;m;43;3;young;no;no;Test;5;1.143;4;Edinburgh
44;m;43;3;young;no;no;Test;6;1.143;4;Edinburgh
44;m;43;3;young;no;no;Test;7;1.143;4;Edinburgh
44;m;43;3;young;no;no;Test;8;1.143;4;Edinburgh
44;m;43;3;young;no;no;Test;9;1.143;4;Edinburgh
44;m;43;3;young;no;no;Test;10;1.143;4;Edinburgh
44;m;43;3;young;no;no;Test;11;1.143;4;Edinburgh
44;m;43;3;young;no;no;Test;12;1.143;4;Edinburgh
45;f;51;4;old;no;no;Warm-up;1;0.804;5;Fife
45;f;51;4;old;no;no;Warm-up;2;0.804;5;Fife
45;f;51;4;old;no;no;Test;1;0.804;5;Fife
45;f;51;4;old;no;no;Test;2;0.804;5;Fife
45;f;51;4;old;no;no;Test;3;0.804;5;Fife
45;f;51;4;old;no;no;Test;4;0.804;5;Fife
45;f;51;4;old;no;no;Test;5;0.804;5;Fife
45;f;51;4;old;no;no;Test;6;0.804;5;Fife
45;f;51;4;old;no;no;Test;7;0.804;5;Fife
45;f;51;4;old;no;no;Test;8;0.804;5;Fife
45;f;51;4;old;no;no;Test;9;0.804;5;Fife
45;f;51;4;old;no;no;Test;10;0.804;5;Fife
45;f;51;4;old;no;no;Test;11;0.804;5;Fife
45;f;51;4;old;no;no;Test;12;0.804;5;Fife
46;f;50;4;old;no;no;Warm-up;1;0.569;5;Fife
46;f;50;4;old;no;no;Warm-up;2;0.569;5;Fife
46;f;50;4;old;no;no;Test;1;0.569;5;Fife
46;f;50;4;old;no;no;Test;2;0.569;5;Fife
46;f;50;4;old;no;no;Test;3;0.569;5;Fife
46;f;50;4;old;no;no;Test;4;0.569;5;Fife
46;f;50;4;old;no;no;Test;5;0.569;5;Fife
46;f;50;4;old;no;no;Test;6;0.569;5;Fife
46;f;50;4;old;no;no;Test;7;0.569;5;Fife
46;f;50;4;old;no;no;Test;8;0.569;5;Fife
46;f;50;4;old;no;no;Test;9;0.569;5;Fife
46;f;50;4;old;no;no;Test;10;0.569;5;Fife
46;f;50;4;old;no;no;Test;11;0.569;5;Fife
46;f;50;4;old;no;no;Test;12;0.569;5;Fife
47;f;54;4;old;no;no;Warm-up;1;1.324;5;Fife
47;f;54;4;old;no;no;Warm-up;2;1.324;5;Fife
47;f;54;4;old;no;no;Test;1;1.324;5;Fife
47;f;54;4;old;no;no;Test;2;1.324;5;Fife
47;f;54;4;old;no;no;Test;3;1.324;5;Fife
47;f;54;4;old;no;no;Test;4;1.324;5;Fife
47;f;54;4;old;no;no;Test;5;1.324;5;Fife
47;f;54;4;old;no;no;Test;6;1.324;5;Fife
47;f;54;4;old;no;no;Test;7;1.324;5;Fife
47;f;54;4;old;no;no;Test;8;1.324;5;Fife
47;f;54;4;old;no;no;Test;9;1.324;5;Fife
47;f;54;4;old;no;no;Test;10;1.324;5;Fife
47;f;54;4;old;no;no;Test;11;1.324;5;Fife
47;f;54;4;old;no;no;Test;12;1.324;5;Fife
48;m;44;3;young;no;no;Warm-up;1;1.074;5;Fife
48;m;44;3;young;no;no;Warm-up;2;1.074;5;Fife
48;m;44;3;young;no;no;Test;1;1.074;5;Fife
48;m;44;3;young;no;no;Test;2;1.074;5;Fife
48;m;44;3;young;no;no;Test;3;1.074;5;Fife
48;m;44;3;young;no;no;Test;4;1.074;5;Fife
48;m;44;3;young;no;no;Test;5;1.074;5;Fife
48;m;44;3;young;no;no;Test;6;1.074;5;Fife
48;m;44;3;young;no;no;Test;7;1.074;5;Fife
48;m;44;3;young;no;no;Test;8;1.074;5;Fife
48;m;44;3;young;no;no;Test;9;1.074;5;Fife
48;m;44;3;young;no;no;Test;10;1.074;5;Fife
48;m;44;3;young;no;no;Test;11;1.074;5;Fife
48;m;44;3;young;no;no;Test;12;1.074;5;Fife
51;f;43;3;young;no;no;Warm-up;1;0.902;6;Fife
51;f;43;3;young;no;no;Warm-up;2;0.902;6;Fife
51;f;43;3;young;no;no;Test;1;0.902;6;Fife
51;f;43;3;young;no;no;Test;2;0.902;6;Fife
51;f;43;3;young;no;no;Test;3;0.902;6;Fife
51;f;43;3;young;no;no;Test;4;0.902;6;Fife
51;f;43;3;young;no;no;Test;5;0.902;6;Fife
51;f;43;3;young;no;no;Test;6;0.902;6;Fife
51;f;43;3;young;no;no;Test;7;0.902;6;Fife
51;f;43;3;young;no;no;Test;8;0.902;6;Fife
51;f;43;3;young;no;no;Test;9;0.902;6;Fife
51;f;43;3;young;no;no;Test;10;0.902;6;Fife
51;f;43;3;young;no;no;Test;11;0.902;6;Fife
51;f;43;3;young;no;no;Test;12;0.902;6;Fife
52;f;43;3;young;no;no;Warm-up;1;1.260;7;Fife
52;f;43;3;young;no;no;Warm-up;2;1.260;7;Fife
52;f;43;3;young;no;no;Test;1;1.260;7;Fife
52;f;43;3;young;no;no;Test;2;1.260;7;Fife
52;f;43;3;young;no;no;Test;3;1.260;7;Fife
52;f;43;3;young;no;no;Test;4;1.260;7;Fife
52;f;43;3;young;no;no;Test;5;1.260;7;Fife
52;f;43;3;young;no;no;Test;6;1.260;7;Fife
52;f;43;3;young;no;no;Test;7;1.260;7;Fife
52;f;43;3;young;no;no;Test;8;1.260;7;Fife
52;f;43;3;young;no;no;Test;9;1.260;7;Fife
52;f;43;3;young;no;no;Test;10;1.260;7;Fife
52;f;43;3;young;no;no;Test;11;1.260;7;Fife
52;f;43;3;young;no;no;Test;12;1.260;7;Fife
53;f;44;3;young;no;no;Warm-up;1;0.456;7;Fife
53;f;44;3;young;no;no;Warm-up;2;0.456;7;Fife
53;f;44;3;young;no;no;Test;1;0.456;7;Fife
53;f;44;3;young;no;no;Test;2;0.456;7;Fife
53;f;44;3;young;no;no;Test;3;0.456;7;Fife
53;f;44;3;young;no;no;Test;4;0.456;7;Fife
53;f;44;3;young;no;no;Test;5;0.456;7;Fife
53;f;44;3;young;no;no;Test;6;0.456;7;Fife
53;f;44;3;young;no;no;Test;7;0.456;7;Fife
53;f;44;3;young;no;no;Test;8;0.456;7;Fife
53;f;44;3;young;no;no;Test;9;0.456;7;Fife
53;f;44;3;young;no;no;Test;10;0.456;7;Fife
53;f;44;3;young;no;no;Test;11;0.456;7;Fife
53;f;44;3;young;no;no;Test;12;0.456;7;Fife
54;m;52;4;old;no;no;Warm-up;1;0.52;8;Edinburgh
54;m;52;4;old;no;no;Warm-up;2;0.52;8;Edinburgh
54;m;52;4;old;no;no;Test;1;0.52;8;Edinburgh
54;m;52;4;old;no;no;Test;2;0.52;8;Edinburgh
54;m;52;4;old;no;no;Test;3;0.52;8;Edinburgh
54;m;52;4;old;no;no;Test;4;0.52;8;Edinburgh
54;m;52;4;old;no;no;Test;5;0.52;8;Edinburgh
54;m;52;4;old;no;no;Test;6;0.52;8;Edinburgh
54;m;52;4;old;no;no;Test;7;0.52;8;Edinburgh
54;m;52;4;old;no;no;Test;8;0.52;8;Edinburgh
54;m;52;4;old;no;no;Test;9;0.52;8;Edinburgh
54;m;52;4;old;no;no;Test;10;0.52;8;Edinburgh
54;m;52;4;old;no;no;Test;11;0.52;8;Edinburgh
54;m;52;4;old;no;no;Test;12;0.52;8;Edinburgh
55;m;44;3;young;no;no;Warm-up;1;0.804;8;Edinburgh
55;m;44;3;young;no;no;Warm-up;2;0.804;8;Edinburgh
55;m;44;3;young;no;no;Test;1;0.804;8;Edinburgh
55;m;44;3;young;no;no;Test;2;0.804;8;Edinburgh
55;m;44;3;young;no;no;Test;3;0.804;8;Edinburgh
55;m;44;3;young;no;no;Test;4;0.804;8;Edinburgh
55;m;44;3;young;no;no;Test;5;0.804;8;Edinburgh
55;m;44;3;young;no;no;Test;6;0.804;8;Edinburgh
55;m;44;3;young;no;no;Test;7;0.804;8;Edinburgh
55;m;44;3;young;no;no;Test;8;0.804;8;Edinburgh
55;m;44;3;young;no;no;Test;9;0.804;8;Edinburgh
55;m;44;3;young;no;no;Test;10;0.804;8;Edinburgh
55;m;44;3;young;no;no;Test;11;0.804;8;Edinburgh
55;m;44;3;young;no;no;Test;12;0.804;8;Edinburgh
56;m;44;3;young;no;no;Warm-up;1;0.902;8;Edinburgh
56;m;44;3;young;no;no;Warm-up;2;0.902;8;Edinburgh
56;m;44;3;young;no;no;Test;1;0.902;8;Edinburgh
56;m;44;3;young;no;no;Test;2;0.902;8;Edinburgh
56;m;44;3;young;no;no;Test;3;0.902;8;Edinburgh
56;m;44;3;young;no;no;Test;4;0.902;8;Edinburgh
56;m;44;3;young;no;no;Test;5;0.902;8;Edinburgh
56;m;44;3;young;no;no;Test;6;0.902;8;Edinburgh
56;m;44;3;young;no;no;Test;7;0.902;8;Edinburgh
56;m;44;3;young;no;no;Test;8;0.902;8;Edinburgh
56;m;44;3;young;no;no;Test;9;0.902;8;Edinburgh
56;m;44;3;young;no;no;Test;10;0.902;8;Edinburgh
56;m;44;3;young;no;no;Test;11;0.902;8;Edinburgh
56;m;44;3;young;no;no;Test;12;0.902;8;Edinburgh
58;m;51;4;old;no;no;Warm-up;1;0.534;8;Edinburgh
58;m;51;4;old;no;no;Warm-up;2;0.534;8;Edinburgh
58;m;51;4;old;no;no;Test;1;0.534;8;Edinburgh
58;m;51;4;old;no;no;Test;2;0.534;8;Edinburgh
58;m;51;4;old;no;no;Test;3;0.534;8;Edinburgh
58;m;51;4;old;no;no;Test;4;0.534;8;Edinburgh
58;m;51;4;old;no;no;Test;5;0.534;8;Edinburgh
58;m;51;4;old;no;no;Test;6;0.534;8;Edinburgh
58;m;51;4;old;no;no;Test;7;0.534;8;Edinburgh
58;m;51;4;old;no;no;Test;8;0.534;8;Edinburgh
58;m;51;4;old;no;no;Test;9;0.534;8;Edinburgh
58;m;51;4;old;no;no;Test;10;0.534;8;Edinburgh
58;m;51;4;old;no;no;Test;11;0.534;8;Edinburgh
58;m;51;4;old;no;no;Test;12;0.534;8;Edinburgh
59;m;53;4;old;no;no;Warm-up;1;0.52;8;Edinburgh
59;m;53;4;old;no;no;Warm-up;2;0.52;8;Edinburgh
59;m;53;4;old;no;no;Test;1;0.52;8;Edinburgh
59;m;53;4;old;no;no;Test;2;0.52;8;Edinburgh
59;m;53;4;old;no;no;Test;3;0.52;8;Edinburgh
59;m;53;4;old;no;no;Test;4;0.52;8;Edinburgh
59;m;53;4;old;no;no;Test;5;0.52;8;Edinburgh
59;m;53;4;old;no;no;Test;6;0.52;8;Edinburgh
59;m;53;4;old;no;no;Test;7;0.52;8;Edinburgh
59;m;53;4;old;no;no;Test;8;0.52;8;Edinburgh
59;m;53;4;old;no;no;Test;9;0.52;8;Edinburgh
59;m;53;4;old;no;no;Test;10;0.52;8;Edinburgh
59;m;53;4;old;no;no;Test;11;0.52;8;Edinburgh
59;m;53;4;old;no;no;Test;12;0.52;8;Edinburgh
60;m;49;4;young;no;no;Warm-up;1;1.053;8;Edinburgh
60;m;49;4;young;no;no;Warm-up;2;1.053;8;Edinburgh
60;m;49;4;young;no;no;Test;1;1.053;8;Edinburgh
60;m;49;4;young;no;no;Test;2;1.053;8;Edinburgh
60;m;49;4;young;no;no;Test;3;1.053;8;Edinburgh
60;m;49;4;young;no;no;Test;4;1.053;8;Edinburgh
60;m;49;4;young;no;no;Test;5;1.053;8;Edinburgh
60;m;49;4;young;no;no;Test;6;1.053;8;Edinburgh
60;m;49;4;young;no;no;Test;7;1.053;8;Edinburgh
60;m;49;4;young;no;no;Test;8;1.053;8;Edinburgh
60;m;49;4;young;no;no;Test;9;1.053;8;Edinburgh
60;m;49;4;young;no;no;Test;10;1.053;8;Edinburgh
60;m;49;4;young;no;no;Test;11;1.053;8;Edinburgh
60;m;49;4;young;no;no;Test;12;1.053;8;Edinburgh
62;f;47;3;young;no;no;Warm-up;1;0.971;8;Edinburgh
62;f;47;3;young;no;no;Warm-up;2;0.971;8;Edinburgh
62;f;47;3;young;no;no;Test;1;0.971;8;Edinburgh
62;f;47;3;young;no;no;Test;2;0.971;8;Edinburgh
62;f;47;3;young;no;no;Test;3;0.971;8;Edinburgh
62;f;47;3;young;no;no;Test;4;0.971;8;Edinburgh
62;f;47;3;young;no;no;Test;5;0.971;8;Edinburgh
62;f;47;3;young;no;no;Test;6;0.971;8;Edinburgh
62;f;47;3;young;no;no;Test;7;0.971;8;Edinburgh
62;f;47;3;young;no;no;Test;8;0.971;8;Edinburgh
62;f;47;3;young;no;no;Test;9;0.971;8;Edinburgh
62;f;47;3;young;no;no;Test;10;0.971;8;Edinburgh
62;f;47;3;young;no;no;Test;11;0.971;8;Edinburgh
62;f;47;3;young;no;no;Test;12;0.971;8;Edinburgh
64;m;38;3;young;no;no;Warm-up;1;1.059;8;Edinburgh
64;m;38;3;young;no;no;Warm-up;2;1.059;8;Edinburgh
64;m;38;3;young;no;no;Test;1;1.059;8;Edinburgh
64;m;38;3;young;no;no;Test;2;1.059;8;Edinburgh
64;m;38;3;young;no;no;Test;3;1.059;8;Edinburgh
64;m;38;3;young;no;no;Test;4;1.059;8;Edinburgh
64;m;38;3;young;no;no;Test;5;1.059;8;Edinburgh
64;m;38;3;young;no;no;Test;6;1.059;8;Edinburgh
64;m;38;3;young;no;no;Test;7;1.059;8;Edinburgh
64;m;38;3;young;no;no;Test;8;1.059;8;Edinburgh
64;m;38;3;young;no;no;Test;9;1.059;8;Edinburgh
64;m;38;3;young;no;no;Test;10;1.059;8;Edinburgh
64;m;38;3;young;no;no;Test;11;1.059;8;Edinburgh
64;m;38;3;young;no;no;Test;12;1.059;8;Edinburgh
65;m;36;3;young;no;no;Warm-up;1;0.721;8;Edinburgh
65;m;36;3;young;no;no;Warm-up;2;0.721;8;Edinburgh
65;m;36;3;young;no;no;Test;1;0.721;8;Edinburgh
65;m;36;3;young;no;no;Test;2;0.721;8;Edinburgh
65;m;36;3;young;no;no;Test;3;0.721;8;Edinburgh
65;m;36;3;young;no;no;Test;4;0.721;8;Edinburgh
65;m;36;3;young;no;no;Test;5;0.721;8;Edinburgh
65;m;36;3;young;no;no;Test;6;0.721;8;Edinburgh
65;m;36;3;young;no;no;Test;7;0.721;8;Edinburgh
65;m;36;3;young;no;no;Test;8;0.721;8;Edinburgh
65;m;36;3;young;no;no;Test;9;0.721;8;Edinburgh
65;m;36;3;young;no;no;Test;10;0.721;8;Edinburgh
65;m;36;3;young;no;no;Test;11;0.721;8;Edinburgh
65;m;36;3;young;no;no;Test;12;0.721;8;Edinburgh
66;m;56;4;old;no;no;Warm-up;1;0.667;7;Fife
66;m;56;4;old;no;no;Warm-up;2;0.667;7;Fife
66;m;56;4;old;no;no;Test;1;0.667;7;Fife
66;m;56;4;old;no;no;Test;2;0.667;7;Fife
66;m;56;4;old;no;no;Test;3;0.667;7;Fife
66;m;56;4;old;no;no;Test;4;0.667;7;Fife
66;m;56;4;old;no;no;Test;5;0.667;7;Fife
66;m;56;4;old;no;no;Test;6;0.667;7;Fife
66;m;56;4;old;no;no;Test;7;0.667;7;Fife
66;m;56;4;old;no;no;Test;8;0.667;7;Fife
66;m;56;4;old;no;no;Test;9;0.667;7;Fife
66;m;56;4;old;no;no;Test;10;0.667;7;Fife
66;m;56;4;old;no;no;Test;11;0.667;7;Fife
66;m;56;4;old;no;no;Test;12;0.667;7;Fife
67;m;49;4;young;no;no;Warm-up;1;1.039;7;Fife
67;m;49;4;young;no;no;Warm-up;2;1.039;7;Fife
67;m;49;4;young;no;no;Test;1;1.039;7;Fife
67;m;49;4;young;no;no;Test;2;1.039;7;Fife
67;m;49;4;young;no;no;Test;3;1.039;7;Fife
67;m;49;4;young;no;no;Test;4;1.039;7;Fife
67;m;49;4;young;no;no;Test;5;1.039;7;Fife
67;m;49;4;young;no;no;Test;6;1.039;7;Fife
67;m;49;4;young;no;no;Test;7;1.039;7;Fife
67;m;49;4;young;no;no;Test;8;1.039;7;Fife
67;m;49;4;young;no;no;Test;9;1.039;7;Fife
67;m;49;4;young;no;no;Test;10;1.039;7;Fife
67;m;49;4;young;no;no;Test;11;1.039;7;Fife
67;m;49;4;young;no;no;Test;12;1.039;7;Fife
68;f;50;4;old;no;no;Warm-up;1;0.804;7;Fife
68;f;50;4;old;no;no;Warm-up;2;0.804;7;Fife
68;f;50;4;old;no;no;Test;1;0.804;7;Fife
68;f;50;4;old;no;no;Test;2;0.804;7;Fife
68;f;50;4;old;no;no;Test;3;0.804;7;Fife
68;f;50;4;old;no;no;Test;4;0.804;7;Fife
68;f;50;4;old;no;no;Test;5;0.804;7;Fife
68;f;50;4;old;no;no;Test;6;0.804;7;Fife
68;f;50;4;old;no;no;Test;7;0.804;7;Fife
68;f;50;4;old;no;no;Test;8;0.804;7;Fife
68;f;50;4;old;no;no;Test;9;0.804;7;Fife
68;f;50;4;old;no;no;Test;10;0.804;7;Fife
68;f;50;4;old;no;no;Test;11;0.804;7;Fife
68;f;50;4;old;no;no;Test;12;0.804;7;Fife
69;m;54;4;old;no;no;Warm-up;1;0.99;7;Fife
69;m;54;4;old;no;no;Warm-up;2;0.99;7;Fife
69;m;54;4;old;no;no;Test;1;0.99;7;Fife
69;m;54;4;old;no;no;Test;2;0.99;7;Fife
69;m;54;4;old;no;no;Test;3;0.99;7;Fife
69;m;54;4;old;no;no;Test;4;0.99;7;Fife
69;m;54;4;old;no;no;Test;5;0.99;7;Fife
69;m;54;4;old;no;no;Test;6;0.99;7;Fife
69;m;54;4;old;no;no;Test;7;0.99;7;Fife
69;m;54;4;old;no;no;Test;8;0.99;7;Fife
69;m;54;4;old;no;no;Test;9;0.99;7;Fife
69;m;54;4;old;no;no;Test;10;0.99;7;Fife
69;m;54;4;old;no;no;Test;11;0.99;7;Fife
69;m;54;4;old;no;no;Test;12;0.99;7;Fife
70;f;52;4;old;no;no;Warm-up;1;1.403;7;Fife
70;f;52;4;old;no;no;Warm-up;2;1.403;7;Fife
70;f;52;4;old;no;no;Test;1;1.403;7;Fife
70;f;52;4;old;no;no;Test;2;1.403;7;Fife
70;f;52;4;old;no;no;Test;3;1.403;7;Fife
70;f;52;4;old;no;no;Test;4;1.403;7;Fife
70;f;52;4;old;no;no;Test;5;1.403;7;Fife
70;f;52;4;old;no;no;Test;6;1.403;7;Fife
70;f;52;4;old;no;no;Test;7;1.403;7;Fife
70;f;52;4;old;no;no;Test;8;1.403;7;Fife
70;f;52;4;old;no;no;Test;9;1.403;7;Fife
70;f;52;4;old;no;no;Test;10;1.403;7;Fife
70;f;52;4;old;no;no;Test;11;1.403;7;Fife
70;f;52;4;old;no;no;Test;12;1.403;7;Fife
71;f;52;4;old;no;no;Warm-up;1;0.868;7;Fife
71;f;52;4;old;no;no;Warm-up;2;0.868;7;Fife
71;f;52;4;old;no;no;Test;1;0.868;7;Fife
71;f;52;4;old;no;no;Test;2;0.868;7;Fife
71;f;52;4;old;no;no;Test;3;0.868;7;Fife
71;f;52;4;old;no;no;Test;4;0.868;7;Fife
71;f;52;4;old;no;no;Test;5;0.868;7;Fife
71;f;52;4;old;no;no;Test;6;0.868;7;Fife
71;f;52;4;old;no;no;Test;7;0.868;7;Fife
71;f;52;4;old;no;no;Test;8;0.868;7;Fife
71;f;52;4;old;no;no;Test;9;0.868;7;Fife
71;f;52;4;old;no;no;Test;10;0.868;7;Fife
71;f;52;4;old;no;no;Test;11;0.868;7;Fife
71;f;52;4;old;no;no;Test;12;0.868;7;Fife
72;m;60;5;old;no;no;Warm-up;1;0.417;7;Fife
72;m;60;5;old;no;no;Warm-up;2;0.417;7;Fife
72;m;60;5;old;no;no;Test;1;0.417;7;Fife
72;m;60;5;old;no;no;Test;2;0.417;7;Fife
72;m;60;5;old;no;no;Test;3;0.417;7;Fife
72;m;60;5;old;no;no;Test;4;0.417;7;Fife
72;m;60;5;old;no;no;Test;5;0.417;7;Fife
72;m;60;5;old;no;no;Test;6;0.417;7;Fife
72;m;60;5;old;no;no;Test;7;0.417;7;Fife
72;m;60;5;old;no;no;Test;8;0.417;7;Fife
72;m;60;5;old;no;no;Test;9;0.417;7;Fife
72;m;60;5;old;no;no;Test;10;0.417;7;Fife
72;m;60;5;old;no;no;Test;11;0.417;7;Fife
72;m;60;5;old;no;no;Test;12;0.417;7;Fife
73;m;40;3;young;no;no;Warm-up;1;1.219;8;Edinburgh
73;m;40;3;young;no;no;Warm-up;2;1.219;8;Edinburgh
73;m;40;3;young;no;no;Test;1;1.219;8;Edinburgh
73;m;40;3;young;no;no;Test;2;1.219;8;Edinburgh
73;m;40;3;young;no;no;Test;3;1.219;8;Edinburgh
73;m;40;3;young;no;no;Test;4;1.219;8;Edinburgh
73;m;40;3;young;no;no;Test;5;1.219;8;Edinburgh
73;m;40;3;young;no;no;Test;6;1.219;8;Edinburgh
73;m;40;3;young;no;no;Test;7;1.219;8;Edinburgh
73;m;40;3;young;no;no;Test;8;1.219;8;Edinburgh
73;m;40;3;young;no;no;Test;9;1.219;8;Edinburgh
73;m;40;3;young;no;no;Test;10;1.219;8;Edinburgh
73;m;40;3;young;no;no;Test;11;1.219;8;Edinburgh
73;m;40;3;young;no;no;Test;12;1.219;8;Edinburgh
74;f;38;3;young;no;no;Warm-up;1;1.498;8;Edinburgh
74;f;38;3;young;no;no;Warm-up;2;1.498;8;Edinburgh
74;f;38;3;young;no;no;Test;1;1.498;8;Edinburgh
74;f;38;3;young;no;no;Test;2;1.498;8;Edinburgh
74;f;38;3;young;no;no;Test;3;1.498;8;Edinburgh
74;f;38;3;young;no;no;Test;4;1.498;8;Edinburgh
74;f;38;3;young;no;no;Test;5;1.498;8;Edinburgh
74;f;38;3;young;no;no;Test;6;1.498;8;Edinburgh
74;f;38;3;young;no;no;Test;7;1.498;8;Edinburgh
74;f;38;3;young;no;no;Test;8;1.498;8;Edinburgh
74;f;38;3;young;no;no;Test;9;1.498;8;Edinburgh
74;f;38;3;young;no;no;Test;10;1.498;8;Edinburgh
74;f;38;3;young;no;no;Test;11;1.498;8;Edinburgh
74;f;38;3;young;no;no;Test;12;1.498;8;Edinburgh
75;f;40;3;young;no;no;Warm-up;1;0.456;9;Fife
75;f;40;3;young;no;no;Warm-up;2;0.456;9;Fife
75;f;40;3;young;no;no;Test;1;0.456;9;Fife
75;f;40;3;young;no;no;Test;2;0.456;9;Fife
75;f;40;3;young;no;no;Test;3;0.456;9;Fife
75;f;40;3;young;no;no;Test;4;0.456;9;Fife
75;f;40;3;young;no;no;Test;5;0.456;9;Fife
75;f;40;3;young;no;no;Test;6;0.456;9;Fife
75;f;40;3;young;no;no;Test;7;0.456;9;Fife
75;f;40;3;young;no;no;Test;8;0.456;9;Fife
75;f;40;3;young;no;no;Test;9;0.456;9;Fife
75;f;40;3;young;no;no;Test;10;0.456;9;Fife
75;f;40;3;young;no;no;Test;11;0.456;9;Fife
75;f;40;3;young;no;no;Test;12;0.456;9;Fife
76;m;52;4;old;no;no;Warm-up;1;0.986;9;Fife
76;m;52;4;old;no;no;Warm-up;2;0.986;9;Fife
76;m;52;4;old;no;no;Test;1;0.986;9;Fife
76;m;52;4;old;no;no;Test;2;0.986;9;Fife
76;m;52;4;old;no;no;Test;3;0.986;9;Fife
76;m;52;4;old;no;no;Test;4;0.986;9;Fife
76;m;52;4;old;no;no;Test;5;0.986;9;Fife
76;m;52;4;old;no;no;Test;6;0.986;9;Fife
76;m;52;4;old;no;no;Test;7;0.986;9;Fife
76;m;52;4;old;no;no;Test;8;0.986;9;Fife
76;m;52;4;old;no;no;Test;9;0.986;9;Fife
76;m;52;4;old;no;no;Test;10;0.986;9;Fife
76;m;52;4;old;no;no;Test;11;0.986;9;Fife
76;m;52;4;old;no;no;Test;12;0.986;9;Fife
77;f;42;3;young;no;no;Warm-up;1;1.005;9;Fife
77;f;42;3;young;no;no;Warm-up;2;1.005;9;Fife
77;f;42;3;young;no;no;Test;1;1.005;9;Fife
77;f;42;3;young;no;no;Test;2;1.005;9;Fife
77;f;42;3;young;no;no;Test;3;1.005;9;Fife
77;f;42;3;young;no;no;Test;4;1.005;9;Fife
77;f;42;3;young;no;no;Test;5;1.005;9;Fife
77;f;42;3;young;no;no;Test;6;1.005;9;Fife
77;f;42;3;young;no;no;Test;7;1.005;9;Fife
77;f;42;3;young;no;no;Test;8;1.005;9;Fife
77;f;42;3;young;no;no;Test;9;1.005;9;Fife
77;f;42;3;young;no;no;Test;10;1.005;9;Fife
77;f;42;3;young;no;no;Test;11;1.005;9;Fife
77;f;42;3;young;no;no;Test;12;1.005;9;Fife
79;f;46;3;young;no;no;Warm-up;1;0.755;9;Fife
79;f;46;3;young;no;no;Warm-up;1;0.755;9;Fife
79;f;46;3;young;no;no;Test;1;0.755;9;Fife
79;f;46;3;young;no;no;Test;2;0.755;9;Fife
79;f;46;3;young;no;no;Test;3;0.755;9;Fife
79;f;46;3;young;no;no;Test;4;0.755;9;Fife
79;f;46;3;young;no;no;Test;5;0.755;9;Fife
79;f;46;3;young;no;no;Test;6;0.755;9;Fife
79;f;46;3;young;no;no;Test;7;0.755;9;Fife
79;f;46;3;young;no;no;Test;8;0.755;9;Fife
79;f;46;3;young;no;no;Test;9;0.755;9;Fife
79;f;46;3;young;no;no;Test;10;0.755;9;Fife
79;f;46;3;young;no;no;Test;11;0.755;9;Fife
79;f;46;3;young;no;no;Test;12;0.755;9;Fife
80;f;45;3;young;no;no;Warm-up;1;1.153;9;Fife
80;f;45;3;young;no;no;Warm-up;2;1.153;9;Fife
80;f;45;3;young;no;no;Test;1;1.153;9;Fife
80;f;45;3;young;no;no;Test;2;1.153;9;Fife
80;f;45;3;young;no;no;Test;3;1.153;9;Fife
80;f;45;3;young;no;no;Test;4;1.153;9;Fife
80;f;45;3;young;no;no;Test;5;1.153;9;Fife
80;f;45;3;young;no;no;Test;6;1.153;9;Fife
80;f;45;3;young;no;no;Test;7;1.153;9;Fife
80;f;45;3;young;no;no;Test;8;1.153;9;Fife
80;f;45;3;young;no;no;Test;9;1.153;9;Fife
80;f;45;3;young;no;no;Test;10;1.153;9;Fife
80;f;45;3;young;no;no;Test;11;1.153;9;Fife
80;f;45;3;young;no;no;Test;12;1.153;9;Fife
84;f;52;4;old;no;no;Warm-up;1;0.965;9;Fife
84;f;52;4;old;no;no;Warm-up;2;0.965;9;Fife
84;f;52;4;old;no;no;Test;1;0.965;9;Fife
84;f;52;4;old;no;no;Test;2;0.965;9;Fife
84;f;52;4;old;no;no;Test;3;0.965;9;Fife
84;f;52;4;old;no;no;Test;4;0.965;9;Fife
84;f;52;4;old;no;no;Test;5;0.965;9;Fife
84;f;52;4;old;no;no;Test;6;0.965;9;Fife
84;f;52;4;old;no;no;Test;7;0.965;9;Fife
84;f;52;4;old;no;no;Test;8;0.965;9;Fife
84;f;52;4;old;no;no;Test;9;0.965;9;Fife
84;f;52;4;old;no;no;Test;10;0.965;9;Fife
84;f;52;4;old;no;no;Test;11;0.965;9;Fife
84;f;52;4;old;no;no;Test;12;0.965;9;Fife
87;f;54;4;old;no;no;Warm-up;1;0.868;7;Fife
87;f;54;4;old;no;no;Warm-up;2;0.868;7;Fife
87;f;54;4;old;no;no;Test;1;0.868;7;Fife
87;f;54;4;old;no;no;Test;2;0.868;7;Fife
87;f;54;4;old;no;no;Test;3;0.868;7;Fife
87;f;54;4;old;no;no;Test;4;0.868;7;Fife
87;f;54;4;old;no;no;Test;5;0.868;7;Fife
87;f;54;4;old;no;no;Test;6;0.868;7;Fife
87;f;54;4;old;no;no;Test;7;0.868;7;Fife
87;f;54;4;old;no;no;Test;8;0.868;7;Fife
87;f;54;4;old;no;no;Test;9;0.868;7;Fife
87;f;54;4;old;no;no;Test;10;0.868;7;Fife
87;f;54;4;old;no;no;Test;11;0.868;7;Fife
87;f;54;4;old;no;no;Test;12;0.868;7;Fife
89;m;45;3;young;no;no;Warm-up;1;1.329;10;Fife
89;m;45;3;young;no;no;Warm-up;2;1.006;10;Fife
89;m;45;3;young;no;no;Test;1;1.006;10;Fife
89;m;45;3;young;no;no;Test;2;1.006;10;Fife
89;m;45;3;young;no;no;Test;3;1.006;10;Fife
89;m;45;3;young;no;no;Test;4;1.006;10;Fife
89;m;45;3;young;no;no;Test;5;1.006;10;Fife
89;m;45;3;young;no;no;Test;6;1.006;10;Fife
89;m;45;3;young;no;no;Test;7;1.006;10;Fife
89;m;45;3;young;no;no;Test;8;1.006;10;Fife
89;m;45;3;young;no;no;Test;9;1.006;10;Fife
89;m;45;3;young;no;no;Test;10;1.006;10;Fife
89;m;45;3;young;no;no;Test;11;1.006;10;Fife
89;m;45;3;young;no;no;Test;12;1.006;10;Fife
91;f;40;3;young;no;no;Warm-up;1;0.852;10;Fife
91;f;40;3;young;no;no;Warm-up;2;0.852;10;Fife
91;f;40;3;young;no;no;Test;1;0.852;10;Fife
91;f;40;3;young;no;no;Test;2;0.852;10;Fife
91;f;40;3;young;no;no;Test;3;0.852;10;Fife
91;f;40;3;young;no;no;Test;4;0.852;10;Fife
91;f;40;3;young;no;no;Test;5;0.852;10;Fife
91;f;40;3;young;no;no;Test;6;0.852;10;Fife
91;f;40;3;young;no;no;Test;7;0.852;10;Fife
91;f;40;3;young;no;no;Test;8;0.852;10;Fife
91;f;40;3;young;no;no;Test;9;0.852;10;Fife
91;f;40;3;young;no;no;Test;10;0.852;10;Fife
91;f;40;3;young;no;no;Test;11;0.852;10;Fife
91;f;40;3;young;no;no;Test;12;0.852;10;Fife
92;m;51;4;old;no;no;Warm-up;1;0.436;10;Fife
92;m;51;4;old;no;no;Warm-up;2;0.436;10;Fife
92;m;51;4;old;no;no;Test;1;0.436;10;Fife
92;m;51;4;old;no;no;Test;2;0.436;10;Fife
92;m;51;4;old;no;no;Test;3;0.436;10;Fife
92;m;51;4;old;no;no;Test;4;0.436;10;Fife
92;m;51;4;old;no;no;Test;5;0.436;10;Fife
92;m;51;4;old;no;no;Test;6;0.436;10;Fife
92;m;51;4;old;no;no;Test;7;0.436;10;Fife
92;m;51;4;old;no;no;Test;8;0.436;10;Fife
92;m;51;4;old;no;no;Test;9;0.436;10;Fife
92;m;51;4;old;no;no;Test;10;0.436;10;Fife
92;m;51;4;old;no;no;Test;11;0.436;10;Fife
92;m;51;4;old;no;no;Test;12;0.436;10;Fife
93;f;46;3;young;no;no;Warm-up;1;0.74;10;Fife
93;f;46;3;young;no;no;Warm-up;2;0.74;10;Fife
93;f;46;3;young;no;no;Test;1;0.74;10;Fife
93;f;46;3;young;no;no;Test;2;0.74;10;Fife
93;f;46;3;young;no;no;Test;3;0.74;10;Fife
93;f;46;3;young;no;no;Test;4;0.74;10;Fife
93;f;46;3;young;no;no;Test;5;0.74;10;Fife
93;f;46;3;young;no;no;Test;6;0.74;10;Fife
93;f;46;3;young;no;no;Test;7;0.74;10;Fife
93;f;46;3;young;no;no;Test;8;0.74;10;Fife
93;f;46;3;young;no;no;Test;9;0.74;10;Fife
93;f;46;3;young;no;no;Test;10;0.74;10;Fife
93;f;46;3;young;no;no;Test;11;0.74;10;Fife
93;f;46;3;young;no;no;Test;12;0.74;10;Fife
94;f;47;3;young;no;no;Warm-up;1;1.471;10;Fife
94;f;47;3;young;no;no;Warm-up;2;1.471;10;Fife
94;f;47;3;young;no;no;Test;1;1.471;10;Fife
94;f;47;3;young;no;no;Test;2;1.471;10;Fife
94;f;47;3;young;no;no;Test;3;1.471;10;Fife
94;f;47;3;young;no;no;Test;4;1.471;10;Fife
94;f;47;3;young;no;no;Test;5;1.471;10;Fife
94;f;47;3;young;no;no;Test;6;1.471;10;Fife
94;f;47;3;young;no;no;Test;7;1.471;10;Fife
94;f;47;3;young;no;no;Test;8;1.471;10;Fife
94;f;47;3;young;no;no;Test;9;1.471;10;Fife
94;f;47;3;young;no;no;Test;10;1.471;10;Fife
94;f;47;3;young;no;no;Test;11;1.471;10;Fife
94;f;47;3;young;no;no;Test;12;1.471;10;Fife
95;f;47;3;young;no;no;Warm-up;1;0.99;10;Fife
95;f;47;3;young;no;no;Warm-up;2;0.99;10;Fife
95;f;47;3;young;no;no;Test;1;0.99;10;Fife
95;f;47;3;young;no;no;Test;2;0.99;10;Fife
95;f;47;3;young;no;no;Test;3;0.99;10;Fife
95;f;47;3;young;no;no;Test;4;0.99;10;Fife
95;f;47;3;young;no;no;Test;5;0.99;10;Fife
95;f;47;3;young;no;no;Test;6;0.99;10;Fife
95;f;47;3;young;no;no;Test;7;0.99;10;Fife
95;f;47;3;young;no;no;Test;8;0.99;10;Fife
95;f;47;3;young;no;no;Test;9;0.99;10;Fife
95;f;47;3;young;no;no;Test;10;0.99;10;Fife
95;f;47;3;young;no;no;Test;11;0.99;10;Fife
95;f;47;3;young;no;no;Test;12;0.99;10;Fife
96;m;56;4;old;no;no;Warm-up;1;0.784;10;Fife
96;m;56;4;old;no;no;Warm-up;2;0.784;10;Fife
96;m;56;4;old;no;no;Test;1;0.784;10;Fife
96;m;56;4;old;no;no;Test;2;0.784;10;Fife
96;m;56;4;old;no;no;Test;3;0.784;10;Fife
96;m;56;4;old;no;no;Test;4;0.784;10;Fife
96;m;56;4;old;no;no;Test;5;0.784;10;Fife
96;m;56;4;old;no;no;Test;6;0.784;10;Fife
96;m;56;4;old;no;no;Test;7;0.784;10;Fife
96;m;56;4;old;no;no;Test;8;0.784;10;Fife
96;m;56;4;old;no;no;Test;9;0.784;10;Fife
96;m;56;4;old;no;no;Test;10;0.784;10;Fife
96;m;56;4;old;no;no;Test;11;0.784;10;Fife
96;m;56;4;old;no;no;Test;12;0.784;10;Fife
97;m;55;4;old;no;no;Warm-up;1;0.569;10;Fife
97;m;55;4;old;no;no;Warm-up;2;0.569;10;Fife
97;m;55;4;old;no;no;Test;1;0.569;10;Fife
97;m;55;4;old;no;no;Test;2;0.569;10;Fife
97;m;55;4;old;no;no;Test;3;0.569;10;Fife
97;m;55;4;old;no;no;Test;4;0.569;10;Fife
97;m;55;4;old;no;no;Test;5;0.569;10;Fife
97;m;55;4;old;no;no;Test;6;0.569;10;Fife
97;m;55;4;old;no;no;Test;7;0.569;10;Fife
97;m;55;4;old;no;no;Test;8;0.569;10;Fife
97;m;55;4;old;no;no;Test;9;0.569;10;Fife
97;m;55;4;old;no;no;Test;10;0.569;10;Fife
97;m;55;4;old;no;no;Test;11;0.569;10;Fife
97;m;55;4;old;no;no;Test;12;0.569;10;Fife
98;f;47;3;young;no;no;Warm-up;1;1.329;10;Fife
98;f;47;3;young;no;no;Warm-up;2;1.329;10;Fife
98;f;47;3;young;no;no;Test;1;1.329;10;Fife
98;f;47;3;young;no;no;Test;2;1.329;10;Fife
98;f;47;3;young;no;no;Test;3;1.329;10;Fife
98;f;47;3;young;no;no;Test;4;1.329;10;Fife
98;f;47;3;young;no;no;Test;5;1.329;10;Fife
98;f;47;3;young;no;no;Test;6;1.329;10;Fife
98;f;47;3;young;no;no;Test;7;1.329;10;Fife
98;f;47;3;young;no;no;Test;8;1.329;10;Fife
98;f;47;3;young;no;no;Test;9;1.329;10;Fife
98;f;47;3;young;no;no;Test;10;1.329;10;Fife
98;f;47;3;young;no;no;Test;11;1.329;10;Fife
98;f;47;3;young;no;no;Test;12;1.329;10;Fife
99;f;47;3;young;no;no;Warm-up;1;0.887;10;Fife
99;f;47;3;young;no;no;Warm-up;2;0.887;10;Fife
99;f;47;3;young;no;no;Test;1;0.887;10;Fife
99;f;47;3;young;no;no;Test;2;0.887;10;Fife
99;f;47;3;young;no;no;Test;3;0.887;10;Fife
99;f;47;3;young;no;no;Test;4;0.887;10;Fife
99;f;47;3;young;no;no;Test;5;0.887;10;Fife
99;f;47;3;young;no;no;Test;6;0.887;10;Fife
99;f;47;3;young;no;no;Test;7;0.887;10;Fife
99;f;47;3;young;no;no;Test;8;0.887;10;Fife
99;f;47;3;young;no;no;Test;9;0.887;10;Fife
99;f;47;3;young;no;no;Test;10;0.887;10;Fife
99;f;47;3;young;no;no;Test;11;0.887;10;Fife
99;f;47;3;young;no;no;Test;12;0.887;10;Fife
100;m;59;4;old;no;no;Warm-up;1;0.686;7;Fife
100;m;59;4;old;no;no;Warm-up;2;0.686;7;Fife
100;m;59;4;old;no;no;Test;1;0.686;7;Fife
100;m;59;4;old;no;no;Test;2;0.686;7;Fife
100;m;59;4;old;no;no;Test;3;0.686;7;Fife
100;m;59;4;old;no;no;Test;4;0.686;7;Fife
100;m;59;4;old;no;no;Test;5;0.686;7;Fife
100;m;59;4;old;no;no;Test;6;0.686;7;Fife
100;m;59;4;old;no;no;Test;7;0.686;7;Fife
100;m;59;4;old;no;no;Test;8;0.686;7;Fife
100;m;59;4;old;no;no;Test;9;0.686;7;Fife
100;m;59;4;old;no;no;Test;10;0.686;7;Fife
100;m;59;4;old;no;no;Test;11;0.686;7;Fife
100;m;59;4;old;no;no;Test;12;0.686;7;Fife
101;m;53;4;old;no;no;Warm-up;1;0.417;11;Edinburgh
101;m;53;4;old;no;no;Warm-up;2;0.417;11;Edinburgh
101;m;53;4;old;no;no;Test;1;0.417;11;Edinburgh
101;m;53;4;old;no;no;Test;2;0.417;11;Edinburgh
101;m;53;4;old;no;no;Test;3;0.417;11;Edinburgh
101;m;53;4;old;no;no;Test;4;0.417;11;Edinburgh
101;m;53;4;old;no;no;Test;5;0.417;11;Edinburgh
101;m;53;4;old;no;no;Test;6;0.417;11;Edinburgh
101;m;53;4;old;no;no;Test;7;0.417;11;Edinburgh
101;m;53;4;old;no;no;Test;8;0.417;11;Edinburgh
101;m;53;4;old;no;no;Test;9;0.417;11;Edinburgh
101;m;53;4;old;no;no;Test;10;0.417;11;Edinburgh
101;m;53;4;old;no;no;Test;11;0.417;11;Edinburgh
101;m;53;4;old;no;no;Test;12;0.417;11;Edinburgh
102;m;49;4;young;no;yes;Warm-up;1;0.583;11;Edinburgh
102;m;49;4;young;no;yes;Warm-up;2;0.583;11;Edinburgh
102;m;49;4;young;no;yes;Test;1;0.583;11;Edinburgh
102;m;49;4;young;no;yes;Test;2;0.583;11;Edinburgh
102;m;49;4;young;no;yes;Test;3;0.583;11;Edinburgh
102;m;49;4;young;no;yes;Test;4;0.583;11;Edinburgh
102;m;49;4;young;no;yes;Test;5;0.583;11;Edinburgh
102;m;49;4;young;no;yes;Test;6;0.583;11;Edinburgh
102;m;49;4;young;no;yes;Test;7;0.583;11;Edinburgh
102;m;49;4;young;no;yes;Test;8;0.583;11;Edinburgh
102;m;49;4;young;no;yes;Test;9;0.583;11;Edinburgh
102;m;49;4;young;no;yes;Test;10;0.583;11;Edinburgh
103;m;51;4;old;no;no;Warm-up;1;0.965;11;Edinburgh
103;m;51;4;old;no;no;Warm-up;2;0.965;11;Edinburgh
103;m;51;4;old;no;no;Test;1;0.965;11;Edinburgh
103;m;51;4;old;no;no;Test;2;0.965;11;Edinburgh
103;m;51;4;old;no;no;Test;3;0.965;11;Edinburgh
103;m;51;4;old;no;no;Test;4;0.965;11;Edinburgh
103;m;51;4;old;no;no;Test;5;0.965;11;Edinburgh
103;m;51;4;old;no;no;Test;6;0.965;11;Edinburgh
103;m;51;4;old;no;no;Test;7;0.965;11;Edinburgh
103;m;51;4;old;no;no;Test;8;0.965;11;Edinburgh
103;m;51;4;old;no;no;Test;9;0.965;11;Edinburgh
103;m;51;4;old;no;no;Test;10;0.965;11;Edinburgh
103;m;51;4;old;no;no;Test;11;0.965;11;Edinburgh
103;m;51;4;old;no;no;Test;12;0.965;11;Edinburgh
104;m;49;4;young;no;no;Warm-up;1;0.902;11;Edinburgh
104;m;49;4;young;no;no;Warm-up;2;0.902;11;Edinburgh
104;m;49;4;young;no;no;Test;1;0.902;11;Edinburgh
104;m;49;4;young;no;no;Test;2;0.902;11;Edinburgh
104;m;49;4;young;no;no;Test;3;0.902;11;Edinburgh
104;m;49;4;young;no;no;Test;4;0.902;11;Edinburgh
104;m;49;4;young;no;no;Test;5;0.902;11;Edinburgh
104;m;49;4;young;no;no;Test;6;0.902;11;Edinburgh
104;m;49;4;young;no;no;Test;7;0.902;11;Edinburgh
104;m;49;4;young;no;no;Test;8;0.902;11;Edinburgh
104;m;49;4;young;no;no;Test;9;0.902;11;Edinburgh
104;m;49;4;young;no;no;Test;10;0.902;11;Edinburgh
104;m;49;4;young;no;no;Test;11;0.902;11;Edinburgh
104;m;49;4;young;no;no;Test;12;0.902;11;Edinburgh
105;m;55;4;old;no;no;Warm-up;1;0.25;11;Edinburgh
105;m;55;4;old;no;no;Warm-up;2;0.25;11;Edinburgh
105;m;55;4;old;no;no;Test;1;0.25;11;Edinburgh
105;m;55;4;old;no;no;Test;2;0.25;11;Edinburgh
105;m;55;4;old;no;no;Test;3;0.25;11;Edinburgh
105;m;55;4;old;no;no;Test;4;0.25;11;Edinburgh
105;m;55;4;old;no;no;Test;5;0.25;11;Edinburgh
105;m;55;4;old;no;no;Test;6;0.25;11;Edinburgh
105;m;55;4;old;no;no;Test;7;0.25;11;Edinburgh
105;m;55;4;old;no;no;Test;8;0.25;11;Edinburgh
105;m;55;4;old;no;no;Test;9;0.25;11;Edinburgh
105;m;55;4;old;no;no;Test;10;0.25;11;Edinburgh
105;m;55;4;old;no;no;Test;11;0.25;11;Edinburgh
105;m;55;4;old;no;no;Test;12;0.25;11;Edinburgh
106;f;47;3;young;no;no;Warm-up;1;0.873;11;Edinburgh
106;f;47;3;young;no;no;Warm-up;2;0.873;11;Edinburgh
106;f;47;3;young;no;no;Test;1;0.873;11;Edinburgh
106;f;47;3;young;no;no;Test;2;0.873;11;Edinburgh
106;f;47;3;young;no;no;Test;3;0.873;11;Edinburgh
106;f;47;3;young;no;no;Test;4;0.873;11;Edinburgh
106;f;47;3;young;no;no;Test;5;0.873;11;Edinburgh
106;f;47;3;young;no;no;Test;6;0.873;11;Edinburgh
106;f;47;3;young;no;no;Test;7;0.873;11;Edinburgh
106;f;47;3;young;no;no;Test;8;0.873;11;Edinburgh
106;f;47;3;young;no;no;Test;9;0.873;11;Edinburgh
106;f;47;3;young;no;no;Test;10;0.873;11;Edinburgh
106;f;47;3;young;no;no;Test;11;0.873;11;Edinburgh
106;f;47;3;young;no;no;Test;12;0.873;11;Edinburgh
107;f;53;4;old;no;no;Warm-up;1;1.226;11;Edinburgh
107;f;53;4;old;no;no;Warm-up;2;1.226;11;Edinburgh
107;f;53;4;old;no;no;Test;1;1.226;11;Edinburgh
107;f;53;4;old;no;no;Test;2;1.226;11;Edinburgh
107;f;53;4;old;no;no;Test;3;1.226;11;Edinburgh
107;f;53;4;old;no;no;Test;4;1.226;11;Edinburgh
107;f;53;4;old;no;no;Test;5;1.226;11;Edinburgh
107;f;53;4;old;no;no;Test;6;1.226;11;Edinburgh
107;f;53;4;old;no;no;Test;7;1.226;11;Edinburgh
107;f;53;4;old;no;no;Test;8;1.226;11;Edinburgh
107;f;53;4;old;no;no;Test;9;1.226;11;Edinburgh
107;f;53;4;old;no;no;Test;10;1.226;11;Edinburgh
107;f;53;4;old;no;no;Test;11;1.226;11;Edinburgh
107;f;53;4;old;no;no;Test;12;1.226;11;Edinburgh
108;f;58;4;old;no;no;Warm-up;1;0.25;11;Edinburgh
108;f;58;4;old;no;no;Warm-up;2;0.25;11;Edinburgh
108;f;58;4;old;no;no;Test;1;0.25;11;Edinburgh
108;f;58;4;old;no;no;Test;2;0.25;11;Edinburgh
108;f;58;4;old;no;no;Test;3;0.25;11;Edinburgh
108;f;58;4;old;no;no;Test;4;0.25;11;Edinburgh
108;f;58;4;old;no;no;Test;5;0.25;11;Edinburgh
108;f;58;4;old;no;no;Test;6;0.25;11;Edinburgh
108;f;58;4;old;no;no;Test;7;0.25;11;Edinburgh
108;f;58;4;old;no;no;Test;8;0.25;11;Edinburgh
108;f;58;4;old;no;no;Test;9;0.25;11;Edinburgh
108;f;58;4;old;no;no;Test;10;0.25;11;Edinburgh
108;f;58;4;old;no;no;Test;11;0.25;11;Edinburgh
108;f;58;4;old;no;no;Test;12;0.25;11;Edinburgh
109;m;42;3;young;no;no;Warm-up;1;1.504;11;Edinburgh
109;m;42;3;young;no;no;Warm-up;2;1.504;11;Edinburgh
109;m;42;3;young;no;no;Test;1;1.504;11;Edinburgh
109;m;42;3;young;no;no;Test;2;1.504;11;Edinburgh
109;m;42;3;young;no;no;Test;3;1.504;11;Edinburgh
109;m;42;3;young;no;no;Test;4;1.504;11;Edinburgh
109;m;42;3;young;no;no;Test;5;1.504;11;Edinburgh
109;m;42;3;young;no;no;Test;6;1.504;11;Edinburgh
109;m;42;3;young;no;no;Test;7;1.504;11;Edinburgh
109;m;42;3;young;no;no;Test;8;1.504;11;Edinburgh
109;m;42;3;young;no;no;Test;9;1.504;11;Edinburgh
109;m;42;3;young;no;no;Test;10;1.504;11;Edinburgh
109;m;42;3;young;no;no;Test;11;1.504;11;Edinburgh
109;m;42;3;young;no;no;Test;12;1.504;11;Edinburgh
110;f;43;3;young;no;no;Warm-up;1;0.451;12;Edinburgh
110;f;43;3;young;no;no;Warm-up;2;0.451;12;Edinburgh
110;f;43;3;young;no;no;Test;1;0.451;12;Edinburgh
110;f;43;3;young;no;no;Test;2;0.451;12;Edinburgh
110;f;43;3;young;no;no;Test;3;0.451;12;Edinburgh
110;f;43;3;young;no;no;Test;4;0.451;12;Edinburgh
110;f;43;3;young;no;no;Test;5;0.451;12;Edinburgh
110;f;43;3;young;no;no;Test;6;0.451;12;Edinburgh
110;f;43;3;young;no;no;Test;7;0.451;12;Edinburgh
110;f;43;3;young;no;no;Test;8;0.451;12;Edinburgh
110;f;43;3;young;no;no;Test;9;0.451;12;Edinburgh
110;f;43;3;young;no;no;Test;10;0.451;12;Edinburgh
110;f;43;3;young;no;no;Test;11;0.451;12;Edinburgh
110;f;43;3;young;no;no;Test;12;0.451;12;Edinburgh
111;f;47;3;young;no;no;Warm-up;1;0.853;12;Edinburgh
111;f;47;3;young;no;no;Warm-up;2;0.853;12;Edinburgh
111;f;47;3;young;no;no;Test;1;0.853;12;Edinburgh
111;f;47;3;young;no;no;Test;2;0.853;12;Edinburgh
111;f;47;3;young;no;no;Test;3;0.853;12;Edinburgh
111;f;47;3;young;no;no;Test;4;0.853;12;Edinburgh
111;f;47;3;young;no;no;Test;5;0.853;12;Edinburgh
111;f;47;3;young;no;no;Test;6;0.853;12;Edinburgh
111;f;47;3;young;no;no;Test;7;0.853;12;Edinburgh
111;f;47;3;young;no;no;Test;8;0.853;12;Edinburgh
111;f;47;3;young;no;no;Test;9;0.853;12;Edinburgh
111;f;47;3;young;no;no;Test;10;0.853;12;Edinburgh
111;f;47;3;young;no;no;Test;11;0.853;12;Edinburgh
111;f;47;3;young;no;no;Test;12;0.853;12;Edinburgh
112;f;48;4;young;no;no;Warm-up;1;1.383;12;Edinburgh
112;f;48;4;young;no;no;Warm-up;2;1.383;12;Edinburgh
112;f;48;4;young;no;no;Test;1;1.383;12;Edinburgh
112;f;48;4;young;no;no;Test;2;1.383;12;Edinburgh
112;f;48;4;young;no;no;Test;3;1.383;12;Edinburgh
112;f;48;4;young;no;no;Test;4;1.383;12;Edinburgh
112;f;48;4;young;no;no;Test;5;1.383;12;Edinburgh
112;f;48;4;young;no;no;Test;6;1.383;12;Edinburgh
112;f;48;4;young;no;no;Test;7;1.383;12;Edinburgh
112;f;48;4;young;no;no;Test;8;1.383;12;Edinburgh
112;f;48;4;young;no;no;Test;9;1.383;12;Edinburgh
112;f;48;4;young;no;no;Test;10;1.383;12;Edinburgh
112;f;48;4;young;no;no;Test;11;1.383;12;Edinburgh
112;f;48;4;young;no;no;Test;12;1.383;12;Edinburgh
113;m;47;3;young;no;no;Warm-up;1;0.603;12;Edinburgh
113;m;47;3;young;no;no;Warm-up;2;0.603;12;Edinburgh
113;m;47;3;young;no;no;Test;1;0.603;12;Edinburgh
113;m;47;3;young;no;no;Test;2;0.603;12;Edinburgh
113;m;47;3;young;no;no;Test;3;0.603;12;Edinburgh
113;m;47;3;young;no;no;Test;4;0.603;12;Edinburgh
113;m;47;3;young;no;no;Test;5;0.603;12;Edinburgh
113;m;47;3;young;no;no;Test;6;0.603;12;Edinburgh
113;m;47;3;young;no;no;Test;7;0.603;12;Edinburgh
113;m;47;3;young;no;no;Test;8;0.603;12;Edinburgh
113;m;47;3;young;no;no;Test;9;0.603;12;Edinburgh
113;m;47;3;young;no;no;Test;10;0.603;12;Edinburgh
113;m;47;3;young;no;no;Test;11;0.603;12;Edinburgh
113;m;47;3;young;no;no;Test;12;0.603;12;Edinburgh
114;m;49;4;young;no;no;Warm-up;1;1.093;12;Edinburgh
114;m;49;4;young;no;no;Warm-up;2;1.093;12;Edinburgh
114;m;49;4;young;no;no;Test;1;1.093;12;Edinburgh
114;m;49;4;young;no;no;Test;2;1.093;12;Edinburgh
114;m;49;4;young;no;no;Test;3;1.093;12;Edinburgh
114;m;49;4;young;no;no;Test;4;1.093;12;Edinburgh
114;m;49;4;young;no;no;Test;5;1.093;12;Edinburgh
114;m;49;4;young;no;no;Test;6;1.093;12;Edinburgh
114;m;49;4;young;no;no;Test;7;1.093;12;Edinburgh
114;m;49;4;young;no;no;Test;8;1.093;12;Edinburgh
114;m;49;4;young;no;no;Test;9;1.093;12;Edinburgh
114;m;49;4;young;no;no;Test;10;1.093;12;Edinburgh
114;m;49;4;young;no;no;Test;11;1.093;12;Edinburgh
114;m;49;4;young;no;no;Test;12;1.093;12;Edinburgh
115;f;45;3;young;no;no;Warm-up;1;1.036;12;Edinburgh
115;f;45;3;young;no;no;Warm-up;2;1.036;12;Edinburgh
115;f;45;3;young;no;no;Test;1;1.036;12;Edinburgh
115;f;45;3;young;no;no;Test;2;1.036;12;Edinburgh
115;f;45;3;young;no;no;Test;3;1.036;12;Edinburgh
115;f;45;3;young;no;no;Test;4;1.036;12;Edinburgh
115;f;45;3;young;no;no;Test;5;1.036;12;Edinburgh
115;f;45;3;young;no;no;Test;6;1.036;12;Edinburgh
115;f;45;3;young;no;no;Test;7;1.036;12;Edinburgh
115;f;45;3;young;no;no;Test;8;1.036;12;Edinburgh
115;f;45;3;young;no;no;Test;9;1.036;12;Edinburgh
115;f;45;3;young;no;no;Test;10;1.036;12;Edinburgh
115;f;45;3;young;no;no;Test;11;1.036;12;Edinburgh
116;f;61;5;old;no;no;Warm-up;1;0.887;6;Fife
116;f;61;5;old;no;no;Warm-up;2;0.887;6;Fife
116;f;61;5;old;no;no;Test;1;0.887;6;Fife
116;f;61;5;old;no;no;Test;2;0.887;6;Fife
116;f;61;5;old;no;no;Test;3;0.887;6;Fife
116;f;61;5;old;no;no;Test;4;0.887;6;Fife
116;f;61;5;old;no;no;Test;5;0.887;6;Fife
116;f;61;5;old;no;no;Test;6;0.887;6;Fife
116;f;61;5;old;no;no;Test;7;0.887;6;Fife
116;f;61;5;old;no;no;Test;8;0.887;6;Fife
116;f;61;5;old;no;no;Test;9;0.887;6;Fife
116;f;61;5;old;no;no;Test;10;0.887;6;Fife
116;f;61;5;old;no;no;Test;11;0.887;6;Fife
116;f;61;5;old;no;no;Test;12;0.887;6;Fife
118;f;64;5;old;no;no;Warm-up;1;0.333;6;Fife
118;f;64;5;old;no;no;Warm-up;2;0.333;6;Fife
118;f;64;5;old;no;no;Test;1;0.333;6;Fife
118;f;64;5;old;no;no;Test;2;0.333;6;Fife
118;f;64;5;old;no;no;Test;3;0.333;6;Fife
118;f;64;5;old;no;no;Test;4;0.333;6;Fife
118;f;64;5;old;no;no;Test;5;0.333;6;Fife
118;f;64;5;old;no;no;Test;6;0.333;6;Fife
118;f;64;5;old;no;no;Test;7;0.333;6;Fife
118;f;64;5;old;no;no;Test;8;0.333;6;Fife
118;f;64;5;old;no;no;Test;9;0.333;6;Fife
118;f;64;5;old;no;no;Test;10;0.333;6;Fife
118;f;64;5;old;no;no;Test;11;0.333;6;Fife
118;f;64;5;old;no;no;Test;12;0.333;6;Fife
119;f;61;5;old;no;no;Warm-up;1;0.965;6;Fife
119;f;61;5;old;no;no;Warm-up;2;0.965;6;Fife
119;f;61;5;old;no;no;Test;1;0.965;6;Fife
119;f;61;5;old;no;no;Test;2;0.965;6;Fife
119;f;61;5;old;no;no;Test;3;0.965;6;Fife
119;f;61;5;old;no;no;Test;4;0.965;6;Fife
119;f;61;5;old;no;no;Test;5;0.965;6;Fife
119;f;61;5;old;no;no;Test;6;0.965;6;Fife
119;f;61;5;old;no;no;Test;7;0.965;6;Fife
119;f;61;5;old;no;no;Test;8;0.965;6;Fife
119;f;61;5;old;no;no;Test;9;0.965;6;Fife
119;f;61;5;old;no;no;Test;10;0.965;6;Fife
119;f;61;5;old;no;no;Test;11;0.965;6;Fife
119;f;61;5;old;no;no;Test;12;0.965;6;Fife
120;m;72;6;old;no;no;Warm-up;1;0.471;6;Fife
120;m;72;6;old;no;no;Warm-up;2;0.471;6;Fife
120;m;72;6;old;no;no;Test;1;0.471;6;Fife
120;m;72;6;old;no;no;Test;2;0.471;6;Fife
120;m;72;6;old;no;no;Test;3;0.471;6;Fife
120;m;72;6;old;no;no;Test;4;0.471;6;Fife
120;m;72;6;old;no;no;Test;5;0.471;6;Fife
120;m;72;6;old;no;no;Test;6;0.471;6;Fife
120;m;72;6;old;no;no;Test;7;0.471;6;Fife
120;m;72;6;old;no;no;Test;8;0.471;6;Fife
120;m;72;6;old;no;no;Test;9;0.471;6;Fife
120;m;72;6;old;no;no;Test;10;0.471;6;Fife
120;m;72;6;old;no;no;Test;11;0.471;6;Fife
120;m;72;6;old;no;no;Test;12;0.471;6;Fife
121;f;60;5;old;no;no;Warm-up;1;0.686;6;Fife
121;f;60;5;old;no;no;Warm-up;2;0.686;6;Fife
121;f;60;5;old;no;no;Test;1;0.686;6;Fife
121;f;60;5;old;no;no;Test;2;0.686;6;Fife
121;f;60;5;old;no;no;Test;3;0.686;6;Fife
121;f;60;5;old;no;no;Test;4;0.686;6;Fife
121;f;60;5;old;no;no;Test;5;0.686;6;Fife
121;f;60;5;old;no;no;Test;6;0.686;6;Fife
121;f;60;5;old;no;no;Test;7;0.686;6;Fife
121;f;60;5;old;no;no;Test;8;0.686;6;Fife
121;f;60;5;old;no;no;Test;9;0.686;6;Fife
121;f;60;5;old;no;no;Test;10;0.686;6;Fife
121;f;60;5;old;no;no;Test;11;0.686;6;Fife
121;f;60;5;old;no;no;Test;12;0.686;6;Fife
122;f;54;4;old;no;no;Warm-up;1;0.637;13;Fife
122;f;54;4;old;no;no;Warm-up;2;0.637;13;Fife
122;f;54;4;old;no;no;Test;1;0.637;13;Fife
122;f;54;4;old;no;no;Test;2;0.637;13;Fife
122;f;54;4;old;no;no;Test;3;0.637;13;Fife
122;f;54;4;old;no;no;Test;4;0.637;13;Fife
122;f;54;4;old;no;no;Test;5;0.637;13;Fife
122;f;54;4;old;no;no;Test;6;0.637;13;Fife
122;f;54;4;old;no;no;Test;7;0.637;13;Fife
122;f;54;4;old;no;no;Test;8;0.637;13;Fife
122;f;54;4;old;no;no;Test;9;0.637;13;Fife
122;f;54;4;old;no;no;Test;10;0.637;13;Fife
122;f;54;4;old;no;no;Test;11;0.637;13;Fife
122;f;54;4;old;no;no;Test;12;0.637;13;Fife
124;m;52;4;old;no;no;Warm-up;1;0.706;13;Fife
124;m;52;4;old;no;no;Warm-up;2;0.706;13;Fife
124;m;52;4;old;no;no;Test;1;0.706;13;Fife
124;m;52;4;old;no;no;Test;2;0.706;13;Fife
124;m;52;4;old;no;no;Test;3;0.706;13;Fife
124;m;52;4;old;no;no;Test;4;0.706;13;Fife
124;m;52;4;old;no;no;Test;5;0.706;13;Fife
124;m;52;4;old;no;no;Test;6;0.706;13;Fife
124;m;52;4;old;no;no;Test;7;0.706;13;Fife
124;m;52;4;old;no;no;Test;8;0.706;13;Fife
124;m;52;4;old;no;no;Test;9;0.706;13;Fife
124;m;52;4;old;no;no;Test;10;0.706;13;Fife
124;m;52;4;old;no;no;Test;11;0.706;13;Fife
124;m;52;4;old;no;no;Test;12;0.706;13;Fife
127;f;59;4;old;no;no;Warm-up;1;0.784;13;Fife
127;f;59;4;old;no;no;Warm-up;2;0.784;13;Fife
127;f;59;4;old;no;no;Test;1;0.784;13;Fife
127;f;59;4;old;no;no;Test;2;0.784;13;Fife
127;f;59;4;old;no;no;Test;3;0.784;13;Fife
127;f;59;4;old;no;no;Test;4;0.784;13;Fife
127;f;59;4;old;no;no;Test;5;0.784;13;Fife
127;f;59;4;old;no;no;Test;6;0.784;13;Fife
127;f;59;4;old;no;no;Test;7;0.784;13;Fife
127;f;59;4;old;no;no;Test;8;0.784;13;Fife
127;f;59;4;old;no;no;Test;9;0.784;13;Fife
127;f;59;4;old;no;no;Test;10;0.784;13;Fife
127;f;59;4;old;no;no;Test;11;0.784;13;Fife
127;f;59;4;old;no;no;Test;12;0.784;13;Fife
130;f;46;3;young;no;no;Warm-up;1;1.005;13;Fife
130;f;46;3;young;no;no;Warm-up;2;1.005;13;Fife
130;f;46;3;young;no;no;Test;1;1.005;13;Fife
130;f;46;3;young;no;no;Test;2;1.005;13;Fife
130;f;46;3;young;no;no;Test;3;1.005;13;Fife
130;f;46;3;young;no;no;Test;4;1.005;13;Fife
130;f;46;3;young;no;no;Test;5;1.005;13;Fife
130;f;46;3;young;no;no;Test;6;1.005;13;Fife
130;f;46;3;young;no;no;Test;7;1.005;13;Fife
130;f;46;3;young;no;no;Test;8;1.005;13;Fife
130;f;46;3;young;no;no;Test;9;1.005;13;Fife
130;f;46;3;young;no;no;Test;10;1.005;13;Fife
130;f;46;3;young;no;no;Test;11;1.005;13;Fife
130;f;46;3;young;no;no;Test;12;1.005;13;Fife
133;f;64;5;old;no;no;Warm-up;1;0.951;6;Fife
133;f;64;5;old;no;no;Warm-up;2;0.951;6;Fife
133;f;64;5;old;no;no;Test;1;0.951;6;Fife
133;f;64;5;old;no;no;Test;2;0.951;6;Fife
133;f;64;5;old;no;no;Test;3;0.951;6;Fife
133;f;64;5;old;no;no;Test;4;0.951;6;Fife
133;f;64;5;old;no;no;Test;5;0.951;6;Fife
133;f;64;5;old;no;no;Test;6;0.951;6;Fife
133;f;64;5;old;no;no;Test;7;0.951;6;Fife
133;f;64;5;old;no;no;Test;8;0.951;6;Fife
133;f;64;5;old;no;no;Test;9;0.951;6;Fife
133;f;64;5;old;no;no;Test;10;0.951;6;Fife
133;f;64;5;old;no;no;Test;11;0.951;6;Fife
133;f;64;5;old;no;no;Test;12;0.951;6;Fife
144;m;46;3;young;no;no;Warm-up;1;0.798;15;Edinburgh
144;m;46;3;young;no;no;Warm-up;2;0.798;15;Edinburgh
144;m;46;3;young;no;no;Test;1;0.798;15;Edinburgh
144;m;46;3;young;no;no;Test;2;0.798;15;Edinburgh
144;m;46;3;young;no;no;Test;3;0.798;15;Edinburgh
144;m;46;3;young;no;no;Test;4;0.798;15;Edinburgh
144;m;46;3;young;no;no;Test;5;0.798;15;Edinburgh
144;m;46;3;young;no;no;Test;6;0.798;15;Edinburgh
144;m;46;3;young;no;no;Test;7;0.798;15;Edinburgh
144;m;46;3;young;no;no;Test;8;0.798;15;Edinburgh
144;m;46;3;young;no;no;Test;9;0.798;15;Edinburgh
144;m;46;3;young;no;no;Test;10;0.798;15;Edinburgh
144;m;46;3;young;no;no;Test;11;0.798;15;Edinburgh
144;m;46;3;young;no;no;Test;12;0.798;15;Edinburgh
145;f;56;4;old;no;no;Warm-up;1;0.583;15;Edinburgh
145;f;56;4;old;no;no;Warm-up;2;0.583;15;Edinburgh
145;f;56;4;old;no;no;Test;1;0.583;15;Edinburgh
145;f;56;4;old;no;no;Test;2;0.583;15;Edinburgh
145;f;56;4;old;no;no;Test;3;0.583;15;Edinburgh
145;f;56;4;old;no;no;Test;4;0.583;15;Edinburgh
145;f;56;4;old;no;no;Test;5;0.583;15;Edinburgh
145;f;56;4;old;no;no;Test;6;0.583;15;Edinburgh
145;f;56;4;old;no;no;Test;7;0.583;15;Edinburgh
145;f;56;4;old;no;no;Test;8;0.583;15;Edinburgh
145;f;56;4;old;no;no;Test;9;0.583;15;Edinburgh
145;f;56;4;old;no;no;Test;10;0.583;15;Edinburgh
145;f;56;4;old;no;no;Test;11;0.583;15;Edinburgh
145;f;56;4;old;no;no;Test;12;0.583;15;Edinburgh
146;m;53;4;old;no;no;Warm-up;1;1.290;15;Edinburgh
146;m;53;4;old;no;no;Warm-up;2;1.290;15;Edinburgh
146;m;53;4;old;no;no;Test;1;1.290;15;Edinburgh
146;m;53;4;old;no;no;Test;2;1.290;15;Edinburgh
146;m;53;4;old;no;no;Test;3;1.290;15;Edinburgh
146;m;53;4;old;no;no;Test;4;1.290;15;Edinburgh
146;m;53;4;old;no;no;Test;5;1.290;15;Edinburgh
146;m;53;4;old;no;no;Test;6;1.290;15;Edinburgh
146;m;53;4;old;no;no;Test;7;1.290;15;Edinburgh
146;m;53;4;old;no;no;Test;8;1.290;15;Edinburgh
146;m;53;4;old;no;no;Test;9;1.290;15;Edinburgh
146;m;53;4;old;no;no;Test;10;1.290;15;Edinburgh
146;m;53;4;old;no;no;Test;11;1.290;15;Edinburgh
146;m;53;4;old;no;no;Test;12;1.290;15;Edinburgh
147;f;44;3;young;no;no;Warm-up;1;0.736;15;Edinburgh
147;f;44;3;young;no;no;Warm-up;2;0.736;15;Edinburgh
147;f;44;3;young;no;no;Test;1;0.736;15;Edinburgh
147;f;44;3;young;no;no;Test;2;0.736;15;Edinburgh
147;f;44;3;young;no;no;Test;3;0.736;15;Edinburgh
147;f;44;3;young;no;no;Test;4;0.736;15;Edinburgh
147;f;44;3;young;no;no;Test;5;0.736;15;Edinburgh
147;f;44;3;young;no;no;Test;6;0.736;15;Edinburgh
147;f;44;3;young;no;no;Test;7;0.736;15;Edinburgh
147;f;44;3;young;no;no;Test;8;0.736;15;Edinburgh
147;f;44;3;young;no;no;Test;9;0.736;15;Edinburgh
147;f;44;3;young;no;no;Test;10;0.736;15;Edinburgh
147;f;44;3;young;no;no;Test;11;0.736;15;Edinburgh
147;f;44;3;young;no;no;Test;12;0.736;15;Edinburgh
148;f;45;3;young;no;no;Warm-up;1;0.505;15;Edinburgh
148;f;45;3;young;no;no;Warm-up;2;0.505;15;Edinburgh
148;f;45;3;young;no;no;Test;1;0.505;15;Edinburgh
148;f;45;3;young;no;no;Test;2;0.505;15;Edinburgh
148;f;45;3;young;no;no;Test;3;0.505;15;Edinburgh
148;f;45;3;young;no;no;Test;4;0.505;15;Edinburgh
148;f;45;3;young;no;no;Test;5;0.505;15;Edinburgh
148;f;45;3;young;no;no;Test;6;0.505;15;Edinburgh
148;f;45;3;young;no;no;Test;7;0.505;15;Edinburgh
148;f;45;3;young;no;no;Test;8;0.505;15;Edinburgh
148;f;45;3;young;no;no;Test;9;0.505;15;Edinburgh
148;f;45;3;young;no;no;Test;10;0.505;15;Edinburgh
148;f;45;3;young;no;no;Test;11;0.505;15;Edinburgh
148;f;45;3;young;no;no;Test;12;0.505;15;Edinburgh
149;f;58;4;old;no;no;Warm-up;1;0.839;15;Edinburgh
149;f;58;4;old;no;no;Warm-up;2;0.839;15;Edinburgh
149;f;58;4;old;no;no;Test;1;0.839;15;Edinburgh
149;f;58;4;old;no;no;Test;2;0.839;15;Edinburgh
149;f;58;4;old;no;no;Test;3;0.839;15;Edinburgh
149;f;58;4;old;no;no;Test;4;0.839;15;Edinburgh
149;f;58;4;old;no;no;Test;5;0.839;15;Edinburgh
149;f;58;4;old;no;no;Test;6;0.839;15;Edinburgh
149;f;58;4;old;no;no;Test;7;0.839;15;Edinburgh
149;f;58;4;old;no;no;Test;8;0.839;15;Edinburgh
149;f;58;4;old;no;no;Test;9;0.839;15;Edinburgh
149;f;58;4;old;no;no;Test;10;0.839;15;Edinburgh
149;f;58;4;old;no;no;Test;11;0.839;15;Edinburgh
149;f;58;4;old;no;no;Test;12;0.839;15;Edinburgh
150;m;58;4;old;no;no;Warm-up;1;0.618;15;Edinburgh
150;m;58;4;old;no;no;Warm-up;2;0.618;15;Edinburgh
150;m;58;4;old;no;no;Test;1;0.618;15;Edinburgh
150;m;58;4;old;no;no;Test;2;0.618;15;Edinburgh
150;m;58;4;old;no;no;Test;3;0.618;15;Edinburgh
150;m;58;4;old;no;no;Test;4;0.618;15;Edinburgh
150;m;58;4;old;no;no;Test;5;0.618;15;Edinburgh
150;m;58;4;old;no;no;Test;6;0.618;15;Edinburgh
150;m;58;4;old;no;no;Test;7;0.618;15;Edinburgh
150;m;58;4;old;no;no;Test;8;0.618;15;Edinburgh
150;m;58;4;old;no;no;Test;9;0.618;15;Edinburgh
150;m;58;4;old;no;no;Test;10;0.618;15;Edinburgh
150;m;58;4;old;no;no;Test;11;0.618;15;Edinburgh
150;m;58;4;old;no;no;Test;12;0.618;15;Edinburgh
151;f;58;4;old;no;no;Warm-up;1;0.333;15;Edinburgh
151;f;58;4;old;no;no;Warm-up;2;0.333;15;Edinburgh
151;f;58;4;old;no;no;Test;1;0.333;15;Edinburgh
151;f;58;4;old;no;no;Test;2;0.333;15;Edinburgh
151;f;58;4;old;no;no;Test;3;0.333;15;Edinburgh
151;f;58;4;old;no;no;Test;4;0.333;15;Edinburgh
151;f;58;4;old;no;no;Test;5;0.333;15;Edinburgh
151;f;58;4;old;no;no;Test;6;0.333;15;Edinburgh
151;f;58;4;old;no;no;Test;7;0.333;15;Edinburgh
151;f;58;4;old;no;no;Test;8;0.333;15;Edinburgh
151;f;58;4;old;no;no;Test;9;0.333;15;Edinburgh
151;f;58;4;old;no;no;Test;10;0.333;15;Edinburgh
151;f;58;4;old;no;no;Test;11;0.333;15;Edinburgh
151;f;58;4;old;no;no;Test;12;0.333;15;Edinburgh
152;f;48;4;young;no;no;Warm-up;1;1.005;15;Edinburgh
152;f;48;4;young;no;no;Warm-up;2;1.005;15;Edinburgh
152;f;48;4;young;no;no;Test;1;1.005;15;Edinburgh
152;f;48;4;young;no;no;Test;2;1.005;15;Edinburgh
152;f;48;4;young;no;no;Test;3;1.005;15;Edinburgh
152;f;48;4;young;no;no;Test;4;1.005;15;Edinburgh
152;f;48;4;young;no;no;Test;5;1.005;15;Edinburgh
152;f;48;4;young;no;no;Test;6;1.005;15;Edinburgh
152;f;48;4;young;no;no;Test;7;1.005;15;Edinburgh
152;f;48;4;young;no;no;Test;8;1.005;15;Edinburgh
152;f;48;4;young;no;no;Test;9;1.005;15;Edinburgh
152;f;48;4;young;no;no;Test;10;1.005;15;Edinburgh
152;f;48;4;young;no;no;Test;11;1.005;15;Edinburgh
152;f;48;4;young;no;no;Test;12;1.005;15;Edinburgh
153;f;49;4;young;no;no;Warm-up;1;0.534;15;Edinburgh
153;f;49;4;young;no;no;Warm-up;2;0.534;15;Edinburgh
153;f;49;4;young;no;no;Test;1;0.534;15;Edinburgh
153;f;49;4;young;no;no;Test;2;0.534;15;Edinburgh
153;f;49;4;young;no;no;Test;3;0.534;15;Edinburgh
153;f;49;4;young;no;no;Test;4;0.534;15;Edinburgh
153;f;49;4;young;no;no;Test;5;0.534;15;Edinburgh
153;f;49;4;young;no;no;Test;6;0.534;15;Edinburgh
153;f;49;4;young;no;no;Test;7;0.534;15;Edinburgh
153;f;49;4;young;no;no;Test;8;0.534;15;Edinburgh
153;f;49;4;young;no;no;Test;9;0.534;15;Edinburgh
153;f;49;4;young;no;no;Test;10;0.534;15;Edinburgh
153;f;49;4;young;no;no;Test;11;0.534;15;Edinburgh
153;f;49;4;young;no;no;Test;12;0.534;15;Edinburgh
155;m;48;4;young;no;no;Warm-up;1;0.52;15;Edinburgh
155;m;48;4;young;no;no;Warm-up;2;0.52;15;Edinburgh
155;m;48;4;young;no;no;Test;1;0.52;15;Edinburgh
155;m;48;4;young;no;no;Test;2;0.52;15;Edinburgh
155;m;48;4;young;no;no;Test;3;0.52;15;Edinburgh
155;m;48;4;young;no;no;Test;4;0.52;15;Edinburgh
155;m;48;4;young;no;no;Test;5;0.52;15;Edinburgh
155;m;48;4;young;no;no;Test;6;0.52;15;Edinburgh
155;m;48;4;young;no;no;Test;7;0.52;15;Edinburgh
155;m;48;4;young;no;no;Test;8;0.52;15;Edinburgh
155;m;48;4;young;no;no;Test;9;0.52;15;Edinburgh
155;m;48;4;young;no;no;Test;10;0.52;15;Edinburgh
155;m;48;4;young;no;no;Test;11;0.52;15;Edinburgh
155;m;48;4;young;no;no;Test;12;0.52;15;Edinburgh
156;m;57;4;old;no;no;Warm-up;1;0.487;15;Edinburgh
156;m;57;4;old;no;no;Warm-up;2;0.487;15;Edinburgh
156;m;57;4;old;no;no;Test;1;0.487;15;Edinburgh
156;m;57;4;old;no;no;Test;2;0.487;15;Edinburgh
156;m;57;4;old;no;no;Test;3;0.487;15;Edinburgh
156;m;57;4;old;no;no;Test;4;0.487;15;Edinburgh
156;m;57;4;old;no;no;Test;5;0.487;15;Edinburgh
156;m;57;4;old;no;no;Test;6;0.487;15;Edinburgh
156;m;57;4;old;no;no;Test;7;0.487;15;Edinburgh
156;m;57;4;old;no;no;Test;8;0.487;15;Edinburgh
156;m;57;4;old;no;no;Test;9;0.487;15;Edinburgh
156;m;57;4;old;no;no;Test;10;0.487;15;Edinburgh
156;m;57;4;old;no;no;Test;11;0.487;15;Edinburgh
156;m;57;4;old;no;no;Test;12;0.487;15;Edinburgh
157;m;54;4;old;no;no;Warm-up;1;0.809;15;Edinburgh
157;m;54;4;old;no;no;Warm-up;2;0.809;15;Edinburgh
157;m;54;4;old;no;no;Test;1;0.809;15;Edinburgh
157;m;54;4;old;no;no;Test;2;0.809;15;Edinburgh
157;m;54;4;old;no;no;Test;3;0.809;15;Edinburgh
157;m;54;4;old;no;no;Test;4;0.809;15;Edinburgh
157;m;54;4;old;no;no;Test;5;0.809;15;Edinburgh
157;m;54;4;old;no;no;Test;6;0.809;15;Edinburgh
157;m;54;4;old;no;no;Test;7;0.809;15;Edinburgh
157;m;54;4;old;no;no;Test;8;0.809;15;Edinburgh
157;m;54;4;old;no;no;Test;9;0.809;15;Edinburgh
157;m;54;4;old;no;no;Test;10;0.809;15;Edinburgh
157;m;54;4;old;no;no;Test;11;0.809;15;Edinburgh
157;m;54;4;old;no;no;Test;12;0.809;15;Edinburgh
158;m;58;4;old;no;no;Warm-up;1;0.368;15;Edinburgh
158;m;58;4;old;no;no;Warm-up;2;0.368;15;Edinburgh
158;m;58;4;old;no;no;Test;1;0.368;15;Edinburgh
158;m;58;4;old;no;no;Test;2;0.368;15;Edinburgh
158;m;58;4;old;no;no;Test;3;0.368;15;Edinburgh
158;m;58;4;old;no;no;Test;4;0.368;15;Edinburgh
158;m;58;4;old;no;no;Test;5;0.368;15;Edinburgh
158;m;58;4;old;no;no;Test;6;0.368;15;Edinburgh
158;m;58;4;old;no;no;Test;7;0.368;15;Edinburgh
158;m;58;4;old;no;no;Test;8;0.368;15;Edinburgh
158;m;58;4;old;no;no;Test;9;0.368;15;Edinburgh
158;m;58;4;old;no;no;Test;10;0.368;15;Edinburgh
158;m;58;4;old;no;no;Test;11;0.368;15;Edinburgh
158;m;58;4;old;no;no;Test;12;0.368;15;Edinburgh
159;m;46;3;young;no;no;Warm-up;1;0.486;15;Edinburgh
159;m;46;3;young;no;no;Warm-up;2;0.486;15;Edinburgh
159;m;46;3;young;no;no;Test;1;0.486;15;Edinburgh
159;m;46;3;young;no;no;Test;2;0.486;15;Edinburgh
159;m;46;3;young;no;no;Test;3;0.486;15;Edinburgh
159;m;46;3;young;no;no;Test;4;0.486;15;Edinburgh
159;m;46;3;young;no;no;Test;5;0.486;15;Edinburgh
159;m;46;3;young;no;no;Test;6;0.486;15;Edinburgh
159;m;46;3;young;no;no;Test;7;0.486;15;Edinburgh
159;m;46;3;young;no;no;Test;8;0.486;15;Edinburgh
159;m;46;3;young;no;no;Test;9;0.486;15;Edinburgh
159;m;46;3;young;no;no;Test;10;0.486;15;Edinburgh
159;m;46;3;young;no;no;Test;11;0.486;15;Edinburgh
159;m;46;3;young;no;no;Test;12;0.486;15;Edinburgh
160;f;57;4;old;no;no;Warm-up;1;0.805;15;Edinburgh
160;f;57;4;old;no;no;Warm-up;2;0.805;15;Edinburgh
160;f;57;4;old;no;no;Test;1;0.805;15;Edinburgh
160;f;57;4;old;no;no;Test;2;0.805;15;Edinburgh
160;f;57;4;old;no;no;Test;3;0.805;15;Edinburgh
160;f;57;4;old;no;no;Test;4;0.805;15;Edinburgh
160;f;57;4;old;no;no;Test;5;0.805;15;Edinburgh
160;f;57;4;old;no;no;Test;6;0.805;15;Edinburgh
160;f;57;4;old;no;no;Test;7;0.805;15;Edinburgh
160;f;57;4;old;no;no;Test;8;0.805;15;Edinburgh
160;f;57;4;old;no;no;Test;9;0.805;15;Edinburgh
160;f;57;4;old;no;no;Test;10;0.805;15;Edinburgh
160;f;57;4;old;no;no;Test;11;0.805;15;Edinburgh
160;f;57;4;old;no;no;Test;12;0.805;15;Edinburgh
161;f;46;3;young;no;no;Warm-up;1;0.7;15;Edinburgh
161;f;46;3;young;no;no;Warm-up;2;0.7;15;Edinburgh
161;f;46;3;young;no;no;Test;1;0.7;15;Edinburgh
161;f;46;3;young;no;no;Test;2;0.7;15;Edinburgh
161;f;46;3;young;no;no;Test;3;0.7;15;Edinburgh
161;f;46;3;young;no;no;Test;4;0.7;15;Edinburgh
161;f;46;3;young;no;no;Test;5;0.7;15;Edinburgh
161;f;46;3;young;no;no;Test;6;0.7;15;Edinburgh
161;f;46;3;young;no;no;Test;7;0.7;15;Edinburgh
161;f;46;3;young;no;no;Test;8;0.7;15;Edinburgh
161;f;46;3;young;no;no;Test;9;0.7;15;Edinburgh
161;f;46;3;young;no;no;Test;10;0.7;15;Edinburgh
161;f;46;3;young;no;no;Test;11;0.7;15;Edinburgh
161;f;46;3;young;no;no;Test;12;0.7;15;Edinburgh
162;m;46;3;young;no;no;Warm-up;1;0.736;15;Edinburgh
162;m;46;3;young;no;no;Warm-up;2;0.736;15;Edinburgh
162;m;46;3;young;no;no;Test;1;0.736;15;Edinburgh
162;m;46;3;young;no;no;Test;2;0.736;15;Edinburgh
162;m;46;3;young;no;no;Test;3;0.736;15;Edinburgh
162;m;46;3;young;no;no;Test;4;0.736;15;Edinburgh
162;m;46;3;young;no;no;Test;5;0.736;15;Edinburgh
162;m;46;3;young;no;no;Test;6;0.736;15;Edinburgh
162;m;46;3;young;no;no;Test;7;0.736;15;Edinburgh
162;m;46;3;young;no;no;Test;8;0.736;15;Edinburgh
162;m;46;3;young;no;no;Test;9;0.736;15;Edinburgh
162;m;46;3;young;no;no;Test;10;0.736;15;Edinburgh
162;m;46;3;young;no;no;Test;11;0.736;15;Edinburgh
162;m;46;3;young;no;no;Test;12;0.736;15;Edinburgh
164;m;55;4;old;no;no;Warm-up;1;1.082;15;Edinburgh
164;m;55;4;old;no;no;Warm-up;2;1.082;15;Edinburgh
164;m;55;4;old;no;no;Test;1;1.082;15;Edinburgh
164;m;55;4;old;no;no;Test;2;1.082;15;Edinburgh
164;m;55;4;old;no;no;Test;3;1.082;15;Edinburgh
164;m;55;4;old;no;no;Test;4;1.082;15;Edinburgh
164;m;55;4;old;no;no;Test;5;1.082;15;Edinburgh
164;m;55;4;old;no;no;Test;6;1.082;15;Edinburgh
164;m;55;4;old;no;no;Test;7;1.082;15;Edinburgh
164;m;55;4;old;no;no;Test;8;1.082;15;Edinburgh
164;m;55;4;old;no;no;Test;9;1.082;15;Edinburgh
164;m;55;4;old;no;no;Test;10;1.082;15;Edinburgh
164;m;55;4;old;no;no;Test;11;1.082;15;Edinburgh
164;m;55;4;old;no;no;Test;12;1.082;15;Edinburgh
165;f;55;4;old;no;no;Warm-up;1;0.784;15;Edinburgh
165;f;55;4;old;no;no;Warm-up;2;0.784;15;Edinburgh
165;f;55;4;old;no;no;Test;1;0.784;15;Edinburgh
165;f;55;4;old;no;no;Test;2;0.784;15;Edinburgh
165;f;55;4;old;no;no;Test;3;0.784;15;Edinburgh
165;f;55;4;old;no;no;Test;4;0.784;15;Edinburgh
165;f;55;4;old;no;no;Test;5;0.784;15;Edinburgh
165;f;55;4;old;no;no;Test;6;0.784;15;Edinburgh
165;f;55;4;old;no;no;Test;7;0.784;15;Edinburgh
165;f;55;4;old;no;no;Test;8;0.784;15;Edinburgh
165;f;55;4;old;no;no;Test;9;0.784;15;Edinburgh
165;f;55;4;old;no;no;Test;10;0.784;15;Edinburgh
165;f;55;4;old;no;no;Test;11;0.784;15;Edinburgh
165;f;55;4;old;no;no;Test;12;0.784;15;Edinburgh
166;m;52;4;old;no;no;Warm-up;1;1.393;15;Edinburgh
166;m;52;4;old;no;no;Warm-up;2;1.393;15;Edinburgh
166;m;52;4;old;no;no;Test;1;1.393;15;Edinburgh
166;m;52;4;old;no;no;Test;2;1.393;15;Edinburgh
166;m;52;4;old;no;no;Test;3;1.393;15;Edinburgh
166;m;52;4;old;no;no;Test;4;1.393;15;Edinburgh
166;m;52;4;old;no;no;Test;5;1.393;15;Edinburgh
166;m;52;4;old;no;no;Test;6;1.393;15;Edinburgh
166;m;52;4;old;no;no;Test;7;1.393;15;Edinburgh
166;m;52;4;old;no;no;Test;8;1.393;15;Edinburgh
166;m;52;4;old;no;no;Test;9;1.393;15;Edinburgh
166;m;52;4;old;no;no;Test;10;1.393;15;Edinburgh
166;m;52;4;old;no;no;Test;11;1.393;15;Edinburgh
166;m;52;4;old;no;no;Test;12;1.393;15;Edinburgh
