ID ;Gender;Age_months;Age_group;Midtesting_age_months;Midtesting_age_group;AdditionalSupportNeeds;Mediansplit_midtesting_entiresample;Dropout;Reason_Dropout;StoppedEarly;Warm-up.Crit.reached;Trial_Nr;Success;Trial_correct;CumulativeNrCorrectSearches;CumulativeProportionCorrect;Nr.AdministeredTestTrials;Test.NrCorrectTrials;Test.NrErrors;Sanitycheck.NrTrials;ProportionCorrect;Video;Comment;PC1;PC2
1;m;61;5;62;5;no;old;no;;no;yes, within 2 trials;1;no;0;0;0;8;6;2;8;0.75;ID1_AdditionalTask_Foil_m_5y;;-2.472;-0.253
1;m;61;5;62;5;no;old;no;;no;yes, within 2 trials;2;yes;1;1;0.5;8;6;2;8;0.75;ID1_AdditionalTask_Foil_m_5y;;-2.472;-0.253
1;m;61;5;62;5;no;old;no;;no;yes, within 2 trials;3;yes;1;2;0.666666667;8;6;2;8;0.75;ID1_AdditionalTask_Foil_m_5y;;-2.472;-0.253
1;m;61;5;62;5;no;old;no;;no;yes, within 2 trials;4;yes;1;3;0.75;8;6;2;8;0.75;ID1_AdditionalTask_Foil_m_5y;;-2.472;-0.253
1;m;61;5;62;5;no;old;no;;no;yes, within 2 trials;5;yes;1;4;0.8;8;6;2;8;0.75;ID1_AdditionalTask_Foil_m_5y;;-2.472;-0.253
1;m;61;5;62;5;no;old;no;;no;yes, within 2 trials;6;yes;1;5;0.833333333;8;6;2;8;0.75;ID1_AdditionalTask_Foil_m_5y;;-2.472;-0.253
1;m;61;5;62;5;no;old;no;;no;yes, within 2 trials;7;no;0;5;0.714285714;8;6;2;8;0.75;ID1_AdditionalTask_Foil_m_5y;;-2.472;-0.253
1;m;61;5;62;5;no;old;no;;no;yes, within 2 trials;8;yes;1;6;0.75;8;6;2;8;0.75;ID1_AdditionalTask_Foil_m_5y;;-2.472;-0.253
2;m;42;3;42;3;no information;young;no;;no;no (3 out of 5 correct);1;;;;;;;;;;ID2_AdditionalTask_Foil_m_3y;;0.961;-0.717
3;m;43;3;44;3;no information;young;no;;no;no (2 out of 5 correct);1;;;;;;;;;;ID3_AdditionalTask_Foil_m_3y;;-1.378;-0.499
4;m;62;5;63;5;no information;old;no;;no;yes, within 2 trials;1;yes;1;1;1;8;8;0;8;1;ID4_AdditionalTask_Foil_m_5y;;-1.746;-1.605
4;m;62;5;63;5;no information;old;no;;no;yes, within 2 trials;2;yes;1;2;1;8;8;0;8;1;ID4_AdditionalTask_Foil_m_5y;;-1.746;-1.605
4;m;62;5;63;5;no information;old;no;;no;yes, within 2 trials;3;yes;1;3;1;8;8;0;8;1;ID4_AdditionalTask_Foil_m_5y;;-1.746;-1.605
4;m;62;5;63;5;no information;old;no;;no;yes, within 2 trials;4;yes;1;4;1;8;8;0;8;1;ID4_AdditionalTask_Foil_m_5y;;-1.746;-1.605
4;m;62;5;63;5;no information;old;no;;no;yes, within 2 trials;5;yes;1;5;1;8;8;0;8;1;ID4_AdditionalTask_Foil_m_5y;;-1.746;-1.605
4;m;62;5;63;5;no information;old;no;;no;yes, within 2 trials;6;yes;1;6;1;8;8;0;8;1;ID4_AdditionalTask_Foil_m_5y;;-1.746;-1.605
4;m;62;5;63;5;no information;old;no;;no;yes, within 2 trials;7;yes;1;7;1;8;8;0;8;1;ID4_AdditionalTask_Foil_m_5y;;-1.746;-1.605
4;m;62;5;63;5;no information;old;no;;no;yes, within 2 trials;8;yes;1;8;1;8;8;0;8;1;ID4_AdditionalTask_Foil_m_5y;;-1.746;-1.605
5;f;45;3;46;3;no information;young;no;;no;yes, within 2 trials;1;yes;1;1;1;8;5;3;8;0.625;ID5_AdditionalTask_Foil_f_3y;seemed random, did not provide answer;-0.146;-1.519
5;f;45;3;46;3;no information;young;no;;no;yes, within 2 trials;2;no;0;1;0.5;8;5;3;8;0.625;ID5_AdditionalTask_Foil_f_3y;seemed random, did not provide answer;-0.146;-1.519
5;f;45;3;46;3;no information;young;no;;no;yes, within 2 trials;3;yes;1;2;0.666666667;8;5;3;8;0.625;ID5_AdditionalTask_Foil_f_3y;seemed random, did not provide answer;-0.146;-1.519
5;f;45;3;46;3;no information;young;no;;no;yes, within 2 trials;4;no;0;2;0.5;8;5;3;8;0.625;ID5_AdditionalTask_Foil_f_3y;seemed random, did not provide answer;-0.146;-1.519
5;f;45;3;46;3;no information;young;no;;no;yes, within 2 trials;5;yes;1;3;0.6;8;5;3;8;0.625;ID5_AdditionalTask_Foil_f_3y;seemed random, did not provide answer;-0.146;-1.519
5;f;45;3;46;3;no information;young;no;;no;yes, within 2 trials;6;yes;1;4;0.666666667;8;5;3;8;0.625;ID5_AdditionalTask_Foil_f_3y;seemed random, did not provide answer;-0.146;-1.519
5;f;45;3;46;3;no information;young;no;;no;yes, within 2 trials;7;yes;1;5;0.714285714;8;5;3;8;0.625;ID5_AdditionalTask_Foil_f_3y;seemed random, did not provide answer;-0.146;-1.519
5;f;45;3;46;3;no information;young;no;;no;yes, within 2 trials;8;no;0;5;0.625;8;5;3;8;0.625;ID5_AdditionalTask_Foil_f_3y;seemed random, did not provide answer;-0.146;-1.519
6;m;40;3;40;3;no;young;no;;no;yes, within 2 trials;1;yes;1;1;1;8;5;3;8;0.625;ID6_AdditionalTask_Foil_m_3y;;;
6;m;40;3;40;3;no;young;no;;no;yes, within 2 trials;2;yes;1;2;1;8;5;3;8;0.625;ID6_AdditionalTask_Foil_m_3y;;;
6;m;40;3;40;3;no;young;no;;no;yes, within 2 trials;3;yes;1;3;1;8;5;3;8;0.625;ID6_AdditionalTask_Foil_m_3y;;;
6;m;40;3;40;3;no;young;no;;no;yes, within 2 trials;4;yes;1;4;1;8;5;3;8;0.625;ID6_AdditionalTask_Foil_m_3y;;;
6;m;40;3;40;3;no;young;no;;no;yes, within 2 trials;5;no;0;4;0.8;8;5;3;8;0.625;ID6_AdditionalTask_Foil_m_3y;;;
6;m;40;3;40;3;no;young;no;;no;yes, within 2 trials;6;yes;1;5;0.833333333;8;5;3;8;0.625;ID6_AdditionalTask_Foil_m_3y;;;
6;m;40;3;40;3;no;young;no;;no;yes, within 2 trials;7;no;0;5;0.714285714;8;5;3;8;0.625;ID6_AdditionalTask_Foil_m_3y;;;
6;m;40;3;40;3;no;young;no;;no;yes, within 2 trials;8;no;0;5;0.625;8;5;3;8;0.625;ID6_AdditionalTask_Foil_m_3y;;;
7;m;46;3;46;3;no information;young;no;;no;yes, within 2 trials;1;yes;1;1;1;8;5;3;8;0.625;ID7_AdditionalTask_Foil_m_3y;;-0.584;-0.149
7;m;46;3;46;3;no information;young;no;;no;yes, within 2 trials;2;no;0;1;0.5;8;5;3;8;0.625;ID7_AdditionalTask_Foil_m_3y;;-0.584;-0.149
7;m;46;3;46;3;no information;young;no;;no;yes, within 2 trials;3;yes;1;2;0.666666667;8;5;3;8;0.625;ID7_AdditionalTask_Foil_m_3y;;-0.584;-0.149
7;m;46;3;46;3;no information;young;no;;no;yes, within 2 trials;4;yes;1;3;0.75;8;5;3;8;0.625;ID7_AdditionalTask_Foil_m_3y;;-0.584;-0.149
7;m;46;3;46;3;no information;young;no;;no;yes, within 2 trials;5;yes;1;4;0.8;8;5;3;8;0.625;ID7_AdditionalTask_Foil_m_3y;;-0.584;-0.149
7;m;46;3;46;3;no information;young;no;;no;yes, within 2 trials;6;yes;1;5;0.833333333;8;5;3;8;0.625;ID7_AdditionalTask_Foil_m_3y;;-0.584;-0.149
7;m;46;3;46;3;no information;young;no;;no;yes, within 2 trials;7;no;0;5;0.714285714;8;5;3;8;0.625;ID7_AdditionalTask_Foil_m_3y;;-0.584;-0.149
7;m;46;3;46;3;no information;young;no;;no;yes, within 2 trials;8;no;0;5;0.625;8;5;3;8;0.625;ID7_AdditionalTask_Foil_m_3y;;-0.584;-0.149
8;m;58;4;58;4;no;old;no;;no;yes, within 2 trials;1;yes;1;1;1;8;6;2;8;0.75;ID8_AdditionalTask_Foil_m_4y;;-0.159;-1.772
8;m;58;4;58;4;no;old;no;;no;yes, within 2 trials;2;no;0;1;0.5;8;6;2;8;0.75;ID8_AdditionalTask_Foil_m_4y;;-0.159;-1.772
8;m;58;4;58;4;no;old;no;;no;yes, within 2 trials;3;yes;1;2;0.666666667;8;6;2;8;0.75;ID8_AdditionalTask_Foil_m_4y;;-0.159;-1.772
8;m;58;4;58;4;no;old;no;;no;yes, within 2 trials;4;yes;1;3;0.75;8;6;2;8;0.75;ID8_AdditionalTask_Foil_m_4y;;-0.159;-1.772
8;m;58;4;58;4;no;old;no;;no;yes, within 2 trials;5;yes;1;4;0.8;8;6;2;8;0.75;ID8_AdditionalTask_Foil_m_4y;;-0.159;-1.772
8;m;58;4;58;4;no;old;no;;no;yes, within 2 trials;6;no;0;4;0.666666667;8;6;2;8;0.75;ID8_AdditionalTask_Foil_m_4y;;-0.159;-1.772
8;m;58;4;58;4;no;old;no;;no;yes, within 2 trials;7;yes;1;5;0.714285714;8;6;2;8;0.75;ID8_AdditionalTask_Foil_m_4y;;-0.159;-1.772
8;m;58;4;58;4;no;old;no;;no;yes, within 2 trials;8;yes;1;6;0.75;8;6;2;8;0.75;ID8_AdditionalTask_Foil_m_4y;;-0.159;-1.772
9;f;40;3;41;3;no;young;no;;no;yes, within 2 trials;1;yes;1;1;1;8;7;1;8;0.875;ID9_AdditionalTask_Foil_f_3y;;1.242;0.978
9;f;40;3;41;3;no;young;no;;no;yes, within 2 trials;2;yes;1;2;1;8;7;1;8;0.875;ID9_AdditionalTask_Foil_f_3y;;1.242;0.978
9;f;40;3;41;3;no;young;no;;no;yes, within 2 trials;3;yes;1;3;1;8;7;1;8;0.875;ID9_AdditionalTask_Foil_f_3y;;1.242;0.978
9;f;40;3;41;3;no;young;no;;no;yes, within 2 trials;4;yes;1;4;1;8;7;1;8;0.875;ID9_AdditionalTask_Foil_f_3y;;1.242;0.978
9;f;40;3;41;3;no;young;no;;no;yes, within 2 trials;5;yes;1;5;1;8;7;1;8;0.875;ID9_AdditionalTask_Foil_f_3y;;1.242;0.978
9;f;40;3;41;3;no;young;no;;no;yes, within 2 trials;6;yes;1;6;1;8;7;1;8;0.875;ID9_AdditionalTask_Foil_f_3y;;1.242;0.978
9;f;40;3;41;3;no;young;no;;no;yes, within 2 trials;7;no;0;6;0.857142857;8;7;1;8;0.875;ID9_AdditionalTask_Foil_f_3y;;1.242;0.978
9;f;40;3;41;3;no;young;no;;no;yes, within 2 trials;8;yes;1;7;0.875;8;7;1;8;0.875;ID9_AdditionalTask_Foil_f_3y;;1.242;0.978
10;m;43;3;44;3;no;young;yes;;yes, after 5 trials;yes, within 2 trials;1;no;0;0;0;5;1;4;5;0.2;ID10_AdditionalTask_Foil_m_3y_Dropout;;;
10;m;43;3;44;3;no;young;yes;;yes, after 5 trials;yes, within 2 trials;2;no;0;0;0;5;1;4;5;0.2;ID10_AdditionalTask_Foil_m_3y_Dropout;;;
10;m;43;3;44;3;no;young;yes;;yes, after 5 trials;yes, within 2 trials;3;no;0;0;0;5;1;4;5;0.2;ID10_AdditionalTask_Foil_m_3y_Dropout;;;
10;m;43;3;44;3;no;young;yes;;yes, after 5 trials;yes, within 2 trials;4;no;0;0;0;5;1;4;5;0.2;ID10_AdditionalTask_Foil_m_3y_Dropout;;;
10;m;43;3;44;3;no;young;yes;;yes, after 5 trials;yes, within 2 trials;5;yes;1;1;0.2;5;1;4;5;0.2;ID10_AdditionalTask_Foil_m_3y_Dropout;;;
11;f;62;5;63;5;no;old;no;;no;yes, within 2 trials;1;yes;1;1;1;8;7;1;8;0.875;ID11_AdditionalTask_Foil_f_5y;;;
11;f;62;5;63;5;no;old;no;;no;yes, within 2 trials;2;yes;1;2;1;8;7;1;8;0.875;ID11_AdditionalTask_Foil_f_5y;;;
11;f;62;5;63;5;no;old;no;;no;yes, within 2 trials;3;no;0;2;0.666666667;8;7;1;8;0.875;ID11_AdditionalTask_Foil_f_5y;;;
11;f;62;5;63;5;no;old;no;;no;yes, within 2 trials;4;yes;1;3;0.75;8;7;1;8;0.875;ID11_AdditionalTask_Foil_f_5y;;;
11;f;62;5;63;5;no;old;no;;no;yes, within 2 trials;5;yes;1;4;0.8;8;7;1;8;0.875;ID11_AdditionalTask_Foil_f_5y;;;
11;f;62;5;63;5;no;old;no;;no;yes, within 2 trials;6;yes;1;5;0.833333333;8;7;1;8;0.875;ID11_AdditionalTask_Foil_f_5y;;;
11;f;62;5;63;5;no;old;no;;no;yes, within 2 trials;7;yes;1;6;0.857142857;8;7;1;8;0.875;ID11_AdditionalTask_Foil_f_5y;;;
11;f;62;5;63;5;no;old;no;;no;yes, within 2 trials;8;yes;1;7;0.875;8;7;1;8;0.875;ID11_AdditionalTask_Foil_f_5y;;;
12;f;62;5;63;5;no;old;yes;Experimenter error (holes were not equally thick, child looked at size of holes);no;yes, within 2 trials;1;yes;1;1;1;8;7;1;8;0.875;ID12_AdditionalTask_Foil_f_5y_Dropout;;-0.429;1.627
12;f;62;5;63;5;no;old;yes;Experimenter error (holes were not equally thick, child looked at size of holes);no;yes, within 2 trials;2;yes;1;2;1;8;6;2;8;0.75;ID12_AdditionalTask_Foil_f_5y_Dropout;;-0.429;1.627
12;f;62;5;63;5;no;old;yes;Experimenter error (holes were not equally thick, child looked at size of holes);no;yes, within 2 trials;3;yes;1;3;1;8;6;2;8;0.75;ID12_AdditionalTask_Foil_f_5y_Dropout;;-0.429;1.627
12;f;62;5;63;5;no;old;yes;Experimenter error (holes were not equally thick, child looked at size of holes);no;yes, within 2 trials;4;yes;1;4;1;8;6;2;8;0.75;ID12_AdditionalTask_Foil_f_5y_Dropout;;-0.429;1.627
12;f;62;5;63;5;no;old;yes;Experimenter error (holes were not equally thick, child looked at size of holes);no;yes, within 2 trials;5;yes;1;5;1;8;6;2;8;0.75;ID12_AdditionalTask_Foil_f_5y_Dropout;;-0.429;1.627
12;f;62;5;63;5;no;old;yes;Experimenter error (holes were not equally thick, child looked at size of holes);no;yes, within 2 trials;6;yes;1;6;1;8;6;2;8;0.75;ID12_AdditionalTask_Foil_f_5y_Dropout;;-0.429;1.627
12;f;62;5;63;5;no;old;yes;Experimenter error (holes were not equally thick, child looked at size of holes);no;yes, within 2 trials;7;no;0;6;0.857142857;8;6;2;8;0.75;ID12_AdditionalTask_Foil_f_5y_Dropout;;-0.429;1.627
12;f;62;5;63;5;no;old;yes;Experimenter error (holes were not equally thick, child looked at size of holes);no;yes, within 2 trials;8;no;0;6;0.75;8;6;2;8;0.75;ID12_AdditionalTask_Foil_f_5y_Dropout;;-0.429;1.627
13;f;41;3;42;3;no;young;no;;no;yes, within 2 trials;1;yes;1;1;1;8;7;1;8;0.875;ID13_AdditionalTask_Foil_f_3y;;;
13;f;41;3;42;3;no;young;no;;no;yes, within 2 trials;2;yes;1;2;1;8;7;1;8;0.875;ID13_AdditionalTask_Foil_f_3y;;;
13;f;41;3;42;3;no;young;no;;no;yes, within 2 trials;3;yes;1;3;1;8;7;1;8;0.875;ID13_AdditionalTask_Foil_f_3y;;;
13;f;41;3;42;3;no;young;no;;no;yes, within 2 trials;4;yes;1;4;1;8;7;1;8;0.875;ID13_AdditionalTask_Foil_f_3y;;;
13;f;41;3;42;3;no;young;no;;no;yes, within 2 trials;5;yes;1;5;1;8;7;1;8;0.875;ID13_AdditionalTask_Foil_f_3y;;;
13;f;41;3;42;3;no;young;no;;no;yes, within 2 trials;6;yes;1;6;1;8;7;1;8;0.875;ID13_AdditionalTask_Foil_f_3y;;;
13;f;41;3;42;3;no;young;no;;no;yes, within 2 trials;7;yes;1;7;1;8;7;1;8;0.875;ID13_AdditionalTask_Foil_f_3y;;;
13;f;41;3;42;3;no;young;no;;no;yes, within 2 trials;8;no;0;7;0.875;8;7;1;8;0.875;ID13_AdditionalTask_Foil_f_3y;;;
14;m;43;3;44;3;no information;young;no;;no;no (2 out of 5 correct);1;;0;;;;;;;;ID14_AdditionalTask_Foil_m_3y;;2.436;0.621
19;f;37;3;39;3;no;young;no;;no;yes, within 2 trials;1;no;0;0;0;8;5;3;8;0.625;ID19_AdditionalTask_Foil_f_3y;;1.208;0.243
19;f;37;3;39;3;no;young;no;;no;yes, within 2 trials;2;yes;1;1;0.5;8;5;3;8;0.625;ID19_AdditionalTask_Foil_f_3y;;1.208;0.243
19;f;37;3;39;3;no;young;no;;no;yes, within 2 trials;3;no;0;1;0.333333333;8;5;3;8;0.625;ID19_AdditionalTask_Foil_f_3y;;1.208;0.243
19;f;37;3;39;3;no;young;no;;no;yes, within 2 trials;4;yes;1;2;0.5;8;5;3;8;0.625;ID19_AdditionalTask_Foil_f_3y;;1.208;0.243
19;f;37;3;39;3;no;young;no;;no;yes, within 2 trials;5;yes;1;3;0.6;8;5;3;8;0.625;ID19_AdditionalTask_Foil_f_3y;;1.208;0.243
19;f;37;3;39;3;no;young;no;;no;yes, within 2 trials;6;yes;1;4;0.666666667;8;5;3;8;0.625;ID19_AdditionalTask_Foil_f_3y;;1.208;0.243
19;f;37;3;39;3;no;young;no;;no;yes, within 2 trials;7;yes;1;5;0.714285714;8;5;3;8;0.625;ID19_AdditionalTask_Foil_f_3y;;1.208;0.243
19;f;37;3;39;3;no;young;no;;no;yes, within 2 trials;8;no;0;5;0.625;8;5;3;8;0.625;ID19_AdditionalTask_Foil_f_3y;;1.208;0.243
20;f;53;4;56;4;suffers from prolonged febrile convulsions;old;no;;no;yes, within 2 trials;1;yes;1;1;1;8;4;4;8;0.5;ID20_AdditionalTask_Foil_f_4y;;0.626;0.245
20;f;53;4;56;4;suffers from prolonged febrile convulsions;old;no;;no;yes, within 2 trials;2;no;0;1;0.5;8;4;4;8;0.5;ID20_AdditionalTask_Foil_f_4y;;0.626;0.245
20;f;53;4;56;4;suffers from prolonged febrile convulsions;old;no;;no;yes, within 2 trials;3;yes;1;2;0.666666667;8;4;4;8;0.5;ID20_AdditionalTask_Foil_f_4y;;0.626;0.245
20;f;53;4;56;4;suffers from prolonged febrile convulsions;old;no;;no;yes, within 2 trials;4;yes;1;3;0.75;8;4;4;8;0.5;ID20_AdditionalTask_Foil_f_4y;;0.626;0.245
20;f;53;4;56;4;suffers from prolonged febrile convulsions;old;no;;no;yes, within 2 trials;5;no;0;3;0.6;8;4;4;8;0.5;ID20_AdditionalTask_Foil_f_4y;;0.626;0.245
20;f;53;4;56;4;suffers from prolonged febrile convulsions;old;no;;no;yes, within 2 trials;6;no;0;3;0.5;8;4;4;8;0.5;ID20_AdditionalTask_Foil_f_4y;;0.626;0.245
20;f;53;4;56;4;suffers from prolonged febrile convulsions;old;no;;no;yes, within 2 trials;7;yes;1;4;0.571428571;8;4;4;8;0.5;ID20_AdditionalTask_Foil_f_4y;;0.626;0.245
20;f;53;4;56;4;suffers from prolonged febrile convulsions;old;no;;no;yes, within 2 trials;8;no;0;4;0.5;8;4;4;8;0.5;ID20_AdditionalTask_Foil_f_4y;;0.626;0.245
21;f;41;3;43;3;no information;young;no;;no;yes, within 2 trials;1;no;0;0;0;8;4;4;8;0.5;ID21_AdditionalTask_Foil_f_3y;;;
21;f;41;3;43;3;no information;young;no;;no;yes, within 2 trials;2;yes;1;1;0.5;8;4;4;8;0.5;ID21_AdditionalTask_Foil_f_3y;;;
21;f;41;3;43;3;no information;young;no;;no;yes, within 2 trials;3;no;0;1;0.333333333;8;4;4;8;0.5;ID21_AdditionalTask_Foil_f_3y;;;
21;f;41;3;43;3;no information;young;no;;no;yes, within 2 trials;4;yes;1;2;0.5;8;4;4;8;0.5;ID21_AdditionalTask_Foil_f_3y;;;
21;f;41;3;43;3;no information;young;no;;no;yes, within 2 trials;5;no;0;2;0.4;8;4;4;8;0.5;ID21_AdditionalTask_Foil_f_3y;;;
21;f;41;3;43;3;no information;young;no;;no;yes, within 2 trials;6;yes;1;3;0.5;8;4;4;8;0.5;ID21_AdditionalTask_Foil_f_3y;;;
21;f;41;3;43;3;no information;young;no;;no;yes, within 2 trials;7;yes;1;4;0.571428571;8;4;4;8;0.5;ID21_AdditionalTask_Foil_f_3y;;;
21;f;41;3;43;3;no information;young;no;;no;yes, within 2 trials;8;no;0;4;0.5;8;4;4;8;0.5;ID21_AdditionalTask_Foil_f_3y;;;
22;f;54;4;57;4;no;old;no;;no;yes, within 2 trials;1;yes;1;1;1;8;7;1;8;0.875;ID22_AdditionalTask_Foil_f_4y;;;
22;f;54;4;57;4;no;old;no;;no;yes, within 2 trials;2;yes;1;2;1;8;7;1;8;0.875;ID22_AdditionalTask_Foil_f_4y;;;
22;f;54;4;57;4;no;old;no;;no;yes, within 2 trials;3;yes;1;3;1;8;7;1;8;0.875;ID22_AdditionalTask_Foil_f_4y;;;
22;f;54;4;57;4;no;old;no;;no;yes, within 2 trials;4;yes;1;4;1;8;7;1;8;0.875;ID22_AdditionalTask_Foil_f_4y;;;
22;f;54;4;57;4;no;old;no;;no;yes, within 2 trials;5;yes;1;5;1;8;7;1;8;0.875;ID22_AdditionalTask_Foil_f_4y;;;
22;f;54;4;57;4;no;old;no;;no;yes, within 2 trials;6;yes;1;6;1;8;7;1;8;0.875;ID22_AdditionalTask_Foil_f_4y;;;
22;f;54;4;57;4;no;old;no;;no;yes, within 2 trials;7;no;0;6;0.857142857;8;7;1;8;0.875;ID22_AdditionalTask_Foil_f_4y;;;
22;f;54;4;57;4;no;old;no;;no;yes, within 2 trials;8;yes;1;7;0.875;8;7;1;8;0.875;ID22_AdditionalTask_Foil_f_4y;;;
23;f;51;4;54;4;no;old;no;;no;yes, within 2 trials;1;yes;1;1;1;8;5;3;8;0.625;ID23_AdditionalTask_Foil_f_4y;;0.671;0.376
23;f;51;4;54;4;no;old;no;;no;yes, within 2 trials;2;no;0;1;0.5;8;5;3;8;0.625;ID23_AdditionalTask_Foil_f_4y;;0.671;0.376
23;f;51;4;54;4;no;old;no;;no;yes, within 2 trials;3;yes;1;2;0.666666667;8;5;3;8;0.625;ID23_AdditionalTask_Foil_f_4y;;0.671;0.376
23;f;51;4;54;4;no;old;no;;no;yes, within 2 trials;4;yes;1;3;0.75;8;5;3;8;0.625;ID23_AdditionalTask_Foil_f_4y;;0.671;0.376
23;f;51;4;54;4;no;old;no;;no;yes, within 2 trials;5;yes;1;4;0.8;8;5;3;8;0.625;ID23_AdditionalTask_Foil_f_4y;;0.671;0.376
23;f;51;4;54;4;no;old;no;;no;yes, within 2 trials;6;yes;1;5;0.833333333;8;5;3;8;0.625;ID23_AdditionalTask_Foil_f_4y;;0.671;0.376
23;f;51;4;54;4;no;old;no;;no;yes, within 2 trials;7;no;0;5;0.714285714;8;5;3;8;0.625;ID23_AdditionalTask_Foil_f_4y;;0.671;0.376
23;f;51;4;54;4;no;old;no;;no;yes, within 2 trials;8;no;0;5;0.625;8;5;3;8;0.625;ID23_AdditionalTask_Foil_f_4y;;0.671;0.376
26;m;49;4;52;4;no;old;no;;no;yes, within 2 trials;1;no;0;0;0;8;3;5;8;0.375;ID26_AdditionalTask_Foil_m_4y;;;
26;m;49;4;52;4;no;old;no;;no;yes, within 2 trials;2;yes;1;1;0.5;8;3;5;8;0.375;ID26_AdditionalTask_Foil_m_4y;;;
26;m;49;4;52;4;no;old;no;;no;yes, within 2 trials;3;no;0;1;0.333333333;8;3;5;8;0.375;ID26_AdditionalTask_Foil_m_4y;;;
26;m;49;4;52;4;no;old;no;;no;yes, within 2 trials;4;no;0;1;0.25;8;3;5;8;0.375;ID26_AdditionalTask_Foil_m_4y;;;
26;m;49;4;52;4;no;old;no;;no;yes, within 2 trials;5;no;0;1;0.2;8;3;5;8;0.375;ID26_AdditionalTask_Foil_m_4y;;;
26;m;49;4;52;4;no;old;no;;no;yes, within 2 trials;6;no;0;1;0.166666667;8;3;5;8;0.375;ID26_AdditionalTask_Foil_m_4y;;;
26;m;49;4;52;4;no;old;no;;no;yes, within 2 trials;7;yes;1;2;0.285714286;8;3;5;8;0.375;ID26_AdditionalTask_Foil_m_4y;;;
26;m;49;4;52;4;no;old;no;;no;yes, within 2 trials;8;yes;1;3;0.375;8;3;5;8;0.375;ID26_AdditionalTask_Foil_m_4y;;;
27;f;53;4;55;4;no;old;no;;no;yes, within 2 trials;1;yes;1;1;1;8;2;6;8;0.25;ID27_AdditionalTask_Foil_f_4y;;;
27;f;53;4;55;4;no;old;no;;no;yes, within 2 trials;2;no;0;1;0.5;8;2;6;8;0.25;ID27_AdditionalTask_Foil_f_4y;;;
27;f;53;4;55;4;no;old;no;;no;yes, within 2 trials;3;no;0;1;0.333333333;8;2;6;8;0.25;ID27_AdditionalTask_Foil_f_4y;;;
27;f;53;4;55;4;no;old;no;;no;yes, within 2 trials;4;no;0;1;0.25;8;2;6;8;0.25;ID27_AdditionalTask_Foil_f_4y;;;
27;f;53;4;55;4;no;old;no;;no;yes, within 2 trials;5;yes;1;2;0.4;8;2;6;8;0.25;ID27_AdditionalTask_Foil_f_4y;;;
27;f;53;4;55;4;no;old;no;;no;yes, within 2 trials;6;no;0;2;0.333333333;8;2;6;8;0.25;ID27_AdditionalTask_Foil_f_4y;;;
27;f;53;4;55;4;no;old;no;;no;yes, within 2 trials;7;no;0;2;0.285714286;8;2;6;8;0.25;ID27_AdditionalTask_Foil_f_4y;;;
27;f;53;4;55;4;no;old;no;;no;yes, within 2 trials;8;no;0;2;0.25;8;2;6;8;0.25;ID27_AdditionalTask_Foil_f_4y;;;
28;m;47;3;49;4;Speech is slightly impaired;young;no;;no;yes, within 2 trials;1;yes;1;1;1;8;6;2;8;0.75;ID28_AdditionalTask_Foil_m_3y;;;
28;m;47;3;49;4;Speech is slightly impaired;young;no;;no;yes, within 2 trials;2;yes;1;2;1;8;6;2;8;0.75;ID28_AdditionalTask_Foil_m_3y;;;
28;m;47;3;49;4;Speech is slightly impaired;young;no;;no;yes, within 2 trials;3;no;0;2;0.666666667;8;6;2;8;0.75;ID28_AdditionalTask_Foil_m_3y;;;
28;m;47;3;49;4;Speech is slightly impaired;young;no;;no;yes, within 2 trials;4;yes;1;3;0.75;8;6;2;8;0.75;ID28_AdditionalTask_Foil_m_3y;;;
28;m;47;3;49;4;Speech is slightly impaired;young;no;;no;yes, within 2 trials;5;yes;1;4;0.8;8;6;2;8;0.75;ID28_AdditionalTask_Foil_m_3y;;;
28;m;47;3;49;4;Speech is slightly impaired;young;no;;no;yes, within 2 trials;6;yes;1;5;0.833333333;8;6;2;8;0.75;ID28_AdditionalTask_Foil_m_3y;;;
28;m;47;3;49;4;Speech is slightly impaired;young;no;;no;yes, within 2 trials;7;no;0;5;0.714285714;8;6;2;8;0.75;ID28_AdditionalTask_Foil_m_3y;;;
28;m;47;3;49;4;Speech is slightly impaired;young;no;;no;yes, within 2 trials;8;yes;1;6;0.75;8;6;2;8;0.75;ID28_AdditionalTask_Foil_m_3y;;;
29;f;49;4;50;4;no;old;no;;no;yes, within 2 trials;1;no;0;0;0;8;3;5;8;0.375;ID29_AdditionalTask_Foil_f_4y;"Q1: ""cup""";;
29;f;49;4;50;4;no;old;no;;no;yes, within 2 trials;2;no;0;0;0;8;3;5;8;0.375;ID29_AdditionalTask_Foil_f_4y;"Q1: ""cup""";;
29;f;49;4;50;4;no;old;no;;no;yes, within 2 trials;3;no;0;0;0;8;3;5;8;0.375;ID29_AdditionalTask_Foil_f_4y;"Q1: ""cup""";;
29;f;49;4;50;4;no;old;no;;no;yes, within 2 trials;4;no;0;0;0;8;3;5;8;0.375;ID29_AdditionalTask_Foil_f_4y;"Q1: ""cup""";;
29;f;49;4;50;4;no;old;no;;no;yes, within 2 trials;5;yes;1;1;0.2;8;3;5;8;0.375;ID29_AdditionalTask_Foil_f_4y;"Q1: ""cup""";;
29;f;49;4;50;4;no;old;no;;no;yes, within 2 trials;6;yes;1;2;0.333333333;8;3;5;8;0.375;ID29_AdditionalTask_Foil_f_4y;"Q1: ""cup""";;
29;f;49;4;50;4;no;old;no;;no;yes, within 2 trials;7;no;0;2;0.285714286;8;3;5;8;0.375;ID29_AdditionalTask_Foil_f_4y;"Q1: ""cup""";;
29;f;49;4;50;4;no;old;no;;no;yes, within 2 trials;8;yes;1;3;0.375;8;3;5;8;0.375;ID29_AdditionalTask_Foil_f_4y;"Q1: ""cup""";;
30;m;51;4;52;4;no;old;no;;no;yes, within 2 trials;1;no;0;0;0;8;5;3;8;0.625;ID30_AdditionalTask_Foil_m_4y;forgot to ask;;
30;m;51;4;52;4;no;old;no;;no;yes, within 2 trials;2;yes;1;1;0.5;8;5;3;8;0.625;ID30_AdditionalTask_Foil_m_4y;;;
30;m;51;4;52;4;no;old;no;;no;yes, within 2 trials;3;yes;1;2;0.666666667;8;5;3;8;0.625;ID30_AdditionalTask_Foil_m_4y;;;
30;m;51;4;52;4;no;old;no;;no;yes, within 2 trials;4;yes;1;3;0.75;8;5;3;8;0.625;ID30_AdditionalTask_Foil_m_4y;;;
30;m;51;4;52;4;no;old;no;;no;yes, within 2 trials;5;no;0;3;0.6;8;5;3;8;0.625;ID30_AdditionalTask_Foil_m_4y;;;
30;m;51;4;52;4;no;old;no;;no;yes, within 2 trials;6;no;0;3;0.5;8;5;3;8;0.625;ID30_AdditionalTask_Foil_m_4y;;;
30;m;51;4;52;4;no;old;no;;no;yes, within 2 trials;7;yes;1;4;0.571428571;8;5;3;8;0.625;ID30_AdditionalTask_Foil_m_4y;;;
30;m;51;4;52;4;no;old;no;;no;yes, within 2 trials;8;yes;1;5;0.625;8;5;3;8;0.625;ID30_AdditionalTask_Foil_m_4y;;;
31;f;44;3;44;3;no;young;no;;no;yes, within 2 trials;1;no;0;0;0;8;3;5;8;0.375;no video;;;
31;f;44;3;44;3;no;young;no;;no;yes, within 2 trials;2;yes;1;1;0.5;8;3;5;8;0.375;no video;;;
31;f;44;3;44;3;no;young;no;;no;yes, within 2 trials;3;yes;1;2;0.666666667;8;3;5;8;0.375;no video;;;
31;f;44;3;44;3;no;young;no;;no;yes, within 2 trials;4;yes;1;3;0.75;8;3;5;8;0.375;no video;;;
31;f;44;3;44;3;no;young;no;;no;yes, within 2 trials;5;no;0;3;0.6;8;3;5;8;0.375;no video;;;
31;f;44;3;44;3;no;young;no;;no;yes, within 2 trials;6;no;0;3;0.5;8;3;5;8;0.375;no video;;;
31;f;44;3;44;3;no;young;no;;no;yes, within 2 trials;7;no;0;3;0.428571429;8;3;5;8;0.375;no video;;;
31;f;44;3;44;3;no;young;no;;no;yes, within 2 trials;8;no;0;3;0.375;8;3;5;8;0.375;no video;;;
32;f;43;3;43;3;no;young;no;;no;yes, within 2 trials;1;no;0;0;0;8;5;3;8;0.625;ID32_AdditionalTask_Foil_f_3y;;1.515;-0.752
32;f;43;3;43;3;no;young;no;;no;yes, within 2 trials;2;yes;1;1;0.5;8;5;3;8;0.625;ID32_AdditionalTask_Foil_f_3y;;1.515;-0.752
32;f;43;3;43;3;no;young;no;;no;yes, within 2 trials;3;no;0;1;0.333333333;8;5;3;8;0.625;ID32_AdditionalTask_Foil_f_3y;;1.515;-0.752
32;f;43;3;43;3;no;young;no;;no;yes, within 2 trials;4;no;0;1;0.25;8;5;3;8;0.625;ID32_AdditionalTask_Foil_f_3y;;1.515;-0.752
32;f;43;3;43;3;no;young;no;;no;yes, within 2 trials;5;yes;1;2;0.4;8;5;3;8;0.625;ID32_AdditionalTask_Foil_f_3y;;1.515;-0.752
32;f;43;3;43;3;no;young;no;;no;yes, within 2 trials;6;yes;1;3;0.5;8;5;3;8;0.625;ID32_AdditionalTask_Foil_f_3y;;1.515;-0.752
32;f;43;3;43;3;no;young;no;;no;yes, within 2 trials;7;yes;1;4;0.571428571;8;5;3;8;0.625;ID32_AdditionalTask_Foil_f_3y;;1.515;-0.752
32;f;43;3;43;3;no;young;no;;no;yes, within 2 trials;8;yes;1;5;0.625;8;5;3;8;0.625;ID32_AdditionalTask_Foil_f_3y;;1.515;-0.752
33;f;46;3;47;3;mild developmental delay, non epileptic episode, sensory issues;young;yes;stopped game after 4th test trial;yes, after 4th test trial;yes, within 7 trials;1;no;0;0;0;4;2;2;4;0.5;ID33_AdditionalTask_Foil_f_3y_Dropout;;;
33;f;46;3;47;3;mild developmental delay, non epileptic episode, sensory issues;young;yes;stopped game after 4th test trial;yes, after 4th test trial;yes, within 7 trials;2;yes;1;1;0.5;4;2;2;4;0.5;ID33_AdditionalTask_Foil_f_3y_Dropout;;;
33;f;46;3;47;3;mild developmental delay, non epileptic episode, sensory issues;young;yes;stopped game after 4th test trial;yes, after 4th test trial;yes, within 7 trials;3;no;0;1;0.333333333;4;2;2;4;0.5;ID33_AdditionalTask_Foil_f_3y_Dropout;;;
33;f;46;3;47;3;mild developmental delay, non epileptic episode, sensory issues;young;yes;stopped game after 4th test trial;yes, after 4th test trial;yes, within 7 trials;4;yes;1;2;0.5;4;2;2;4;0.5;ID33_AdditionalTask_Foil_f_3y_Dropout;;;
34;f;46;3;46;3;global developmental delay;young;no;;no;yes, within 2 trials;1;yes;1;1;1;8;6;2;8;0.75;ID34_AdditionalTask_Foil_f_3y;forgot to ask, but poor language development anyway;;
34;f;46;3;46;3;global developmental delay;young;no;;no;yes, within 2 trials;2;yes;1;2;1;8;6;2;8;0.75;ID34_AdditionalTask_Foil_f_3y;forgot to ask, but poor language development anyway;;
34;f;46;3;46;3;global developmental delay;young;no;;no;yes, within 2 trials;3;yes;1;3;1;8;6;2;8;0.75;ID34_AdditionalTask_Foil_f_3y;forgot to ask, but poor language development anyway;;
34;f;46;3;46;3;global developmental delay;young;no;;no;yes, within 2 trials;4;no;0;3;0.75;8;6;2;8;0.75;ID34_AdditionalTask_Foil_f_3y;forgot to ask, but poor language development anyway;;
34;f;46;3;46;3;global developmental delay;young;no;;no;yes, within 2 trials;5;yes;1;4;0.8;8;6;2;8;0.75;ID34_AdditionalTask_Foil_f_3y;forgot to ask, but poor language development anyway;;
34;f;46;3;46;3;global developmental delay;young;no;;no;yes, within 2 trials;6;no;0;4;0.666666667;8;6;2;8;0.75;ID34_AdditionalTask_Foil_f_3y;forgot to ask, but poor language development anyway;;
34;f;46;3;46;3;global developmental delay;young;no;;no;yes, within 2 trials;7;yes;1;5;0.714285714;8;6;2;8;0.75;ID34_AdditionalTask_Foil_f_3y;forgot to ask, but poor language development anyway;;
34;f;46;3;46;3;global developmental delay;young;no;;no;yes, within 2 trials;8;yes;1;6;0.75;8;6;2;8;0.75;ID34_AdditionalTask_Foil_f_3y;forgot to ask, but poor language development anyway;;
35;m;37;3;38;3;no;young;no;;no;no;1;;0;;;;;;;;ID35_AdditionalTask_Foil_m_3y;;;
36;m;38;3;41;3;no;young;no;;no;yes, within 7 trials;1;no;0;0;0;8;2;6;8;0.25;ID36_AdditionalTask_Foil_m_3y;"kept asking ""who made the holes?""";;
36;m;38;3;41;3;no;young;no;;no;yes, within 7 trials;2;no;0;0;0;8;2;6;8;0.25;ID36_AdditionalTask_Foil_m_3y;"kept asking ""who made the holes?""";;
36;m;38;3;41;3;no;young;no;;no;yes, within 7 trials;3;no;0;0;0;8;2;6;8;0.25;ID36_AdditionalTask_Foil_m_3y;"kept asking ""who made the holes?""";;
36;m;38;3;41;3;no;young;no;;no;yes, within 7 trials;4;yes;1;1;0.25;8;2;6;8;0.25;ID36_AdditionalTask_Foil_m_3y;"kept asking ""who made the holes?""";;
36;m;38;3;41;3;no;young;no;;no;yes, within 7 trials;5;no;0;1;0.2;8;2;6;8;0.25;ID36_AdditionalTask_Foil_m_3y;"kept asking ""who made the holes?""";;
36;m;38;3;41;3;no;young;no;;no;yes, within 7 trials;6;no;0;1;0.166666667;8;2;6;8;0.25;ID36_AdditionalTask_Foil_m_3y;"kept asking ""who made the holes?""";;
36;m;38;3;41;3;no;young;no;;no;yes, within 7 trials;7;yes;1;2;0.285714286;8;2;6;8;0.25;ID36_AdditionalTask_Foil_m_3y;"kept asking ""who made the holes?""";;
36;m;38;3;41;3;no;young;no;;no;yes, within 7 trials;8;no;0;2;0.25;8;2;6;8;0.25;ID36_AdditionalTask_Foil_m_3y;"kept asking ""who made the holes?""";;
37;f;37;3;40;3;no;young;no;;no;yes, within 2 trials;1;no;0;0;0;8;3;5;8;0.375;ID37_AdditionalTask_Foil_f_3y;;;
37;f;37;3;40;3;no;young;no;;no;yes, within 2 trials;2;yes;1;1;0.5;8;3;5;8;0.375;ID37_AdditionalTask_Foil_f_3y;;;
37;f;37;3;40;3;no;young;no;;no;yes, within 2 trials;3;no;0;1;0.333333333;8;3;5;8;0.375;ID37_AdditionalTask_Foil_f_3y;;;
37;f;37;3;40;3;no;young;no;;no;yes, within 2 trials;4;no;0;1;0.25;8;3;5;8;0.375;ID37_AdditionalTask_Foil_f_3y;;;
37;f;37;3;40;3;no;young;no;;no;yes, within 2 trials;5;yes;1;2;0.4;8;3;5;8;0.375;ID37_AdditionalTask_Foil_f_3y;;;
37;f;37;3;40;3;no;young;no;;no;yes, within 2 trials;6;yes;1;3;0.5;8;3;5;8;0.375;ID37_AdditionalTask_Foil_f_3y;;;
37;f;37;3;40;3;no;young;no;;no;yes, within 2 trials;7;no;0;3;0.428571429;8;3;5;8;0.375;ID37_AdditionalTask_Foil_f_3y;;;
37;f;37;3;40;3;no;young;no;;no;yes, within 2 trials;8;no;0;3;0.375;8;3;5;8;0.375;ID37_AdditionalTask_Foil_f_3y;;;
45;f;48;4;51;4;no;old;no;;no;yes, within 2 trials;1;yes;1;1;1;8;7;1;8;0.875;ID45_AdditionalTask_Foil_f_4y;did not ask;;
45;f;48;4;51;4;no;old;no;;no;yes, within 2 trials;2;yes;1;2;1;8;7;1;8;0.875;ID45_AdditionalTask_Foil_f_4y;did not ask;;
45;f;48;4;51;4;no;old;no;;no;yes, within 2 trials;3;yes;1;3;1;8;7;1;8;0.875;ID45_AdditionalTask_Foil_f_4y;did not ask;;
45;f;48;4;51;4;no;old;no;;no;yes, within 2 trials;4;yes;1;4;1;8;7;1;8;0.875;ID45_AdditionalTask_Foil_f_4y;did not ask;;
45;f;48;4;51;4;no;old;no;;no;yes, within 2 trials;5;yes;1;5;1;8;7;1;8;0.875;ID45_AdditionalTask_Foil_f_4y;did not ask;;
45;f;48;4;51;4;no;old;no;;no;yes, within 2 trials;6;no;0;5;0.833333333;8;7;1;8;0.875;ID45_AdditionalTask_Foil_f_4y;did not ask;;
45;f;48;4;51;4;no;old;no;;no;yes, within 2 trials;7;yes;1;6;0.857142857;8;7;1;8;0.875;ID45_AdditionalTask_Foil_f_4y;did not ask;;
45;f;48;4;51;4;no;old;no;;no;yes, within 2 trials;8;yes;1;7;0.875;8;7;1;8;0.875;ID45_AdditionalTask_Foil_f_4y;did not ask;;
46;f;48;4;50;4;no;old;no;;no;yes, within 2 trials;1;no;0;0;0;8;2;6;8;0.25;ID46_AdditionalTask_Foil_f_4y;"""it's a bit tricky"", is clearly guessing, doesn't pay much attention";;
46;f;48;4;50;4;no;old;no;;no;yes, within 2 trials;2;no;0;0;0;8;2;6;8;0.25;ID46_AdditionalTask_Foil_f_4y;"""it's a bit tricky"", is clearly guessing, doesn't pay much attention";;
46;f;48;4;50;4;no;old;no;;no;yes, within 2 trials;3;yes;1;1;0.333333333;8;2;6;8;0.25;ID46_AdditionalTask_Foil_f_4y;"""it's a bit tricky"", is clearly guessing, doesn't pay much attention";;
46;f;48;4;50;4;no;old;no;;no;yes, within 2 trials;4;yes;1;2;0.5;8;2;6;8;0.25;ID46_AdditionalTask_Foil_f_4y;"""it's a bit tricky"", is clearly guessing, doesn't pay much attention";;
46;f;48;4;50;4;no;old;no;;no;yes, within 2 trials;5;no;0;2;0.4;8;2;6;8;0.25;ID46_AdditionalTask_Foil_f_4y;"""it's a bit tricky"", is clearly guessing, doesn't pay much attention";;
46;f;48;4;50;4;no;old;no;;no;yes, within 2 trials;6;no;0;2;0.333333333;8;2;6;8;0.25;ID46_AdditionalTask_Foil_f_4y;"""it's a bit tricky"", is clearly guessing, doesn't pay much attention";;
46;f;48;4;50;4;no;old;no;;no;yes, within 2 trials;7;no;0;2;0.285714286;8;2;6;8;0.25;ID46_AdditionalTask_Foil_f_4y;"""it's a bit tricky"", is clearly guessing, doesn't pay much attention";;
46;f;48;4;50;4;no;old;no;;no;yes, within 2 trials;8;no;0;2;0.25;8;2;6;8;0.25;ID46_AdditionalTask_Foil_f_4y;"""it's a bit tricky"", is clearly guessing, doesn't pay much attention";;
47;f;51;4;54;4;no;old;no;;no;yes, within 2 trials;1;no;0;0;0;8;4;4;8;0.5;ID47_AdditionalTask_Foil_f_4y;did not ask;2.440;-0.969
47;f;51;4;54;4;no;old;no;;no;yes, within 2 trials;2;no;0;0;0;8;4;4;8;0.5;ID47_AdditionalTask_Foil_f_4y;did not ask;2.440;-0.969
47;f;51;4;54;4;no;old;no;;no;yes, within 2 trials;3;yes;1;1;0.333333333;8;4;4;8;0.5;ID47_AdditionalTask_Foil_f_4y;did not ask;2.440;-0.969
47;f;51;4;54;4;no;old;no;;no;yes, within 2 trials;4;yes;1;2;0.5;8;4;4;8;0.5;ID47_AdditionalTask_Foil_f_4y;did not ask;2.440;-0.969
47;f;51;4;54;4;no;old;no;;no;yes, within 2 trials;5;yes;1;3;0.6;8;4;4;8;0.5;ID47_AdditionalTask_Foil_f_4y;did not ask;2.440;-0.969
47;f;51;4;54;4;no;old;no;;no;yes, within 2 trials;6;yes;1;4;0.666666667;8;4;4;8;0.5;ID47_AdditionalTask_Foil_f_4y;did not ask;2.440;-0.969
47;f;51;4;54;4;no;old;no;;no;yes, within 2 trials;7;no;0;4;0.571428571;8;4;4;8;0.5;ID47_AdditionalTask_Foil_f_4y;did not ask;2.440;-0.969
47;f;51;4;54;4;no;old;no;;no;yes, within 2 trials;8;no;0;4;0.5;8;4;4;8;0.5;ID47_AdditionalTask_Foil_f_4y;did not ask;2.440;-0.969
48;m;42;3;44;3;no;young;no;;no;yes, within 2 trials;1;no;0;0;0;8;3;5;8;0.375;ID48_AdditionalTask_Foil_m_3y;did not ask;0.654;1.058
48;m;42;3;44;3;no;young;no;;no;yes, within 2 trials;2;no;0;0;0;8;3;5;8;0.375;ID48_AdditionalTask_Foil_m_3y;did not ask;0.654;1.058
48;m;42;3;44;3;no;young;no;;no;yes, within 2 trials;3;no;0;0;0;8;3;5;8;0.375;ID48_AdditionalTask_Foil_m_3y;did not ask;0.654;1.058
48;m;42;3;44;3;no;young;no;;no;yes, within 2 trials;4;yes;1;1;0.25;8;3;5;8;0.375;ID48_AdditionalTask_Foil_m_3y;did not ask;0.654;1.058
48;m;42;3;44;3;no;young;no;;no;yes, within 2 trials;5;no;0;1;0.2;8;3;5;8;0.375;ID48_AdditionalTask_Foil_m_3y;did not ask;0.654;1.058
48;m;42;3;44;3;no;young;no;;no;yes, within 2 trials;6;yes;1;2;0.333333333;8;3;5;8;0.375;ID48_AdditionalTask_Foil_m_3y;did not ask;0.654;1.058
48;m;42;3;44;3;no;young;no;;no;yes, within 2 trials;7;yes;1;3;0.428571429;8;3;5;8;0.375;ID48_AdditionalTask_Foil_m_3y;did not ask;0.654;1.058
48;m;42;3;44;3;no;young;no;;no;yes, within 2 trials;8;no;0;3;0.375;8;3;5;8;0.375;ID48_AdditionalTask_Foil_m_3y;did not ask;0.654;1.058
50;f;43;3;45;3;no information;young;yes;stopped in additional trials warm up;yes;no, 3 out of 6 correct;1;;0;;;;;;;;ID50_AdditionalTask_Foil_f_3_Dropout;did not ask;;
51;f;41;3;43;3;no information;young;no;;no;yes, within 2 trials;1;no;0;0;0;8;4;4;8;0.5;ID51_AdditionalTask_Foil_f_3y_Dropout;;0.241;0.944
51;f;41;3;43;3;no information;young;no;;no;yes, within 2 trials;2;yes;1;1;0.5;8;4;4;8;0.5;ID51_AdditionalTask_Foil_f_3y_Dropout;;0.241;0.944
51;f;41;3;43;3;no information;young;no;;no;yes, within 2 trials;3;yes;1;2;0.666666667;8;4;4;8;0.5;ID51_AdditionalTask_Foil_f_3y_Dropout;;0.241;0.944
51;f;41;3;43;3;no information;young;no;;no;yes, within 2 trials;4;no;0;2;0.5;8;4;4;8;0.5;ID51_AdditionalTask_Foil_f_3y_Dropout;;0.241;0.944
51;f;41;3;43;3;no information;young;no;;no;yes, within 2 trials;5;no;0;2;0.4;8;4;4;8;0.5;ID51_AdditionalTask_Foil_f_3y_Dropout;;0.241;0.944
51;f;41;3;43;3;no information;young;no;;no;yes, within 2 trials;6;yes;1;3;0.5;8;4;4;8;0.5;ID51_AdditionalTask_Foil_f_3y_Dropout;;0.241;0.944
51;f;41;3;43;3;no information;young;no;;no;yes, within 2 trials;7;no;0;3;0.428571429;8;4;4;8;0.5;ID51_AdditionalTask_Foil_f_3y_Dropout;;0.241;0.944
51;f;41;3;43;3;no information;young;no;;no;yes, within 2 trials;8;yes;1;4;0.5;8;4;4;8;0.5;ID51_AdditionalTask_Foil_f_3y_Dropout;;0.241;0.944
53;f;42;3;44;3;no;young;no;;no;yes, within 2 trials;1;yes;1;1;1;8;7;1;8;0.875;ID53_AdditionalTask_Foil_f_3y;did not ask;;
53;f;42;3;44;3;no;young;no;;no;yes, within 2 trials;2;yes;1;2;1;8;7;1;8;0.875;ID53_AdditionalTask_Foil_f_3y;did not ask;;
53;f;42;3;44;3;no;young;no;;no;yes, within 2 trials;3;yes;1;3;1;8;7;1;8;0.875;ID53_AdditionalTask_Foil_f_3y;did not ask;;
53;f;42;3;44;3;no;young;no;;no;yes, within 2 trials;4;yes;1;4;1;8;7;1;8;0.875;ID53_AdditionalTask_Foil_f_3y;did not ask;;
53;f;42;3;44;3;no;young;no;;no;yes, within 2 trials;5;yes;1;5;1;8;7;1;8;0.875;ID53_AdditionalTask_Foil_f_3y;did not ask;;
53;f;42;3;44;3;no;young;no;;no;yes, within 2 trials;6;yes;1;6;1;8;7;1;8;0.875;ID53_AdditionalTask_Foil_f_3y;did not ask;;
53;f;42;3;44;3;no;young;no;;no;yes, within 2 trials;7;no;0;6;0.857142857;8;7;1;8;0.875;ID53_AdditionalTask_Foil_f_3y;did not ask;;
53;f;42;3;44;3;no;young;no;;no;yes, within 2 trials;8;yes;1;7;0.875;8;7;1;8;0.875;ID53_AdditionalTask_Foil_f_3y;did not ask;;
66;m;54;4;56;4;no;old;no;;no;yes, within 2 trials;1;yes;1;1;1;8;3;5;8;0.375;ID66_AdditionalTask_Foil_m_4y;did not ask;;
66;m;54;4;56;4;no;old;no;;no;yes, within 2 trials;2;no;0;1;0.5;8;3;5;8;0.375;ID66_AdditionalTask_Foil_m_4y;did not ask;;
66;m;54;4;56;4;no;old;no;;no;yes, within 2 trials;3;yes;1;2;0.666666667;8;3;5;8;0.375;ID66_AdditionalTask_Foil_m_4y;did not ask;;
66;m;54;4;56;4;no;old;no;;no;yes, within 2 trials;4;no;0;2;0.5;8;3;5;8;0.375;ID66_AdditionalTask_Foil_m_4y;did not ask;;
66;m;54;4;56;4;no;old;no;;no;yes, within 2 trials;5;yes;1;3;0.6;8;3;5;8;0.375;ID66_AdditionalTask_Foil_m_4y;did not ask;;
66;m;54;4;56;4;no;old;no;;no;yes, within 2 trials;6;no;0;3;0.5;8;3;5;8;0.375;ID66_AdditionalTask_Foil_m_4y;did not ask;;
66;m;54;4;56;4;no;old;no;;no;yes, within 2 trials;7;no;0;3;0.428571429;8;3;5;8;0.375;ID66_AdditionalTask_Foil_m_4y;did not ask;;
66;m;54;4;56;4;no;old;no;;no;yes, within 2 trials;8;no;0;3;0.375;8;3;5;8;0.375;ID66_AdditionalTask_Foil_m_4y;did not ask;;
67;m;47;3;49;4;no;young;no;;no;yes, within 2 trials;1;yes;1;1;1;8;6;2;8;0.75;ID67_AdditionalTask_Foil_m_3y;"did not ask, but during testing said ""purple"" even before the sticker was being hidden, so did not understand";;
67;m;47;3;49;4;no;young;no;;no;yes, within 2 trials;2;yes;1;2;1;8;6;2;8;0.75;ID67_AdditionalTask_Foil_m_3y;"did not ask, but during testing said ""purple"" even before the sticker was being hidden, so did not understand";;
67;m;47;3;49;4;no;young;no;;no;yes, within 2 trials;3;yes;1;3;1;8;6;2;8;0.75;ID67_AdditionalTask_Foil_m_3y;"did not ask, but during testing said ""purple"" even before the sticker was being hidden, so did not understand";;
67;m;47;3;49;4;no;young;no;;no;yes, within 2 trials;4;no;0;3;0.75;8;6;2;8;0.75;ID67_AdditionalTask_Foil_m_3y;"did not ask, but during testing said ""purple"" even before the sticker was being hidden, so did not understand";;
67;m;47;3;49;4;no;young;no;;no;yes, within 2 trials;5;yes;1;4;0.8;8;6;2;8;0.75;ID67_AdditionalTask_Foil_m_3y;"did not ask, but during testing said ""purple"" even before the sticker was being hidden, so did not understand";;
67;m;47;3;49;4;no;young;no;;no;yes, within 2 trials;6;yes;1;5;0.833333333;8;6;2;8;0.75;ID67_AdditionalTask_Foil_m_3y;"did not ask, but during testing said ""purple"" even before the sticker was being hidden, so did not understand";;
67;m;47;3;49;4;no;young;no;;no;yes, within 2 trials;7;no;0;5;0.714285714;8;6;2;8;0.75;ID67_AdditionalTask_Foil_m_3y;"did not ask, but during testing said ""purple"" even before the sticker was being hidden, so did not understand";;
67;m;47;3;49;4;no;young;no;;no;yes, within 2 trials;8;yes;1;6;0.75;8;6;2;8;0.75;ID67_AdditionalTask_Foil_m_3y;"did not ask, but during testing said ""purple"" even before the sticker was being hidden, so did not understand";;
68;f;48;4;50;4;no;old;no;;no;yes, within 2 trials;1;yes;1;1;1;8;6;2;8;0.75;ID68_AdditionalTask_Foil_f_4y;seemed to understand it, when she made the last error, she clearly did not pay attention. Q1: I don't really know;1.758;2.000
68;f;48;4;50;4;no;old;no;;no;yes, within 2 trials;2;yes;1;2;1;8;6;2;8;0.75;ID68_AdditionalTask_Foil_f_4y;seemed to understand it, when she made the last error, she clearly did not pay attention. Q1: I don't really know;1.758;2.000
68;f;48;4;50;4;no;old;no;;no;yes, within 2 trials;3;yes;1;3;1;8;6;2;8;0.75;ID68_AdditionalTask_Foil_f_4y;seemed to understand it, when she made the last error, she clearly did not pay attention. Q1: I don't really know;1.758;2.000
68;f;48;4;50;4;no;old;no;;no;yes, within 2 trials;4;yes;1;4;1;8;6;2;8;0.75;ID68_AdditionalTask_Foil_f_4y;seemed to understand it, when she made the last error, she clearly did not pay attention. Q1: I don't really know;1.758;2.000
68;f;48;4;50;4;no;old;no;;no;yes, within 2 trials;5;yes;1;5;1;8;6;2;8;0.75;ID68_AdditionalTask_Foil_f_4y;seemed to understand it, when she made the last error, she clearly did not pay attention. Q1: I don't really know;1.758;2.000
68;f;48;4;50;4;no;old;no;;no;yes, within 2 trials;6;yes;1;6;1;8;6;2;8;0.75;ID68_AdditionalTask_Foil_f_4y;seemed to understand it, when she made the last error, she clearly did not pay attention. Q1: I don't really know;1.758;2.000
68;f;48;4;50;4;no;old;no;;no;yes, within 2 trials;7;no;0;6;0.857142857;8;6;2;8;0.75;ID68_AdditionalTask_Foil_f_4y;seemed to understand it, when she made the last error, she clearly did not pay attention. Q1: I don't really know;1.758;2.000
68;f;48;4;50;4;no;old;no;;no;yes, within 2 trials;8;no;0;6;0.75;8;6;2;8;0.75;ID68_AdditionalTask_Foil_f_4y;seemed to understand it, when she made the last error, she clearly did not pay attention. Q1: I don't really know;1.758;2.000
69;m;51;4;54;4;no;old;no;;no;yes, within 2 trials;1;yes;1;1;1;8;5;3;8;0.625;ID69_AdditionalTask_Foil_m_4y;did not ask;1.337;0.046
69;m;51;4;54;4;no;old;no;;no;yes, within 2 trials;2;yes;1;2;1;8;5;3;8;0.625;ID69_AdditionalTask_Foil_m_4y;did not ask;1.337;0.046
69;m;51;4;54;4;no;old;no;;no;yes, within 2 trials;3;no;0;2;0.666666667;8;5;3;8;0.625;ID69_AdditionalTask_Foil_m_4y;did not ask;1.337;0.046
69;m;51;4;54;4;no;old;no;;no;yes, within 2 trials;4;no;0;2;0.5;8;5;3;8;0.625;ID69_AdditionalTask_Foil_m_4y;did not ask;1.337;0.046
69;m;51;4;54;4;no;old;no;;no;yes, within 2 trials;5;no;0;2;0.4;8;5;3;8;0.625;ID69_AdditionalTask_Foil_m_4y;did not ask;1.337;0.046
69;m;51;4;54;4;no;old;no;;no;yes, within 2 trials;6;yes;1;3;0.5;8;5;3;8;0.625;ID69_AdditionalTask_Foil_m_4y;did not ask;1.337;0.046
69;m;51;4;54;4;no;old;no;;no;yes, within 2 trials;7;yes;1;4;0.571428571;8;5;3;8;0.625;ID69_AdditionalTask_Foil_m_4y;did not ask;1.337;0.046
69;m;51;4;54;4;no;old;no;;no;yes, within 2 trials;8;yes;1;5;0.625;8;5;3;8;0.625;ID69_AdditionalTask_Foil_m_4y;did not ask;1.337;0.046
70;f;50;4;52;4;no;old;no;;no;yes, within 2 trials;1;yes;1;1;1;8;3;5;8;0.375;ID70_AdditionalTask_Foil_f_4y;did not ask;-0.44;0.197
70;f;50;4;52;4;no;old;no;;no;yes, within 2 trials;2;yes;1;2;1;8;3;5;8;0.375;ID70_AdditionalTask_Foil_f_4y;did not ask;-0.44;0.197
70;f;50;4;52;4;no;old;no;;no;yes, within 2 trials;3;no;0;2;0.666666667;8;3;5;8;0.375;ID70_AdditionalTask_Foil_f_4y;did not ask;-0.44;0.197
70;f;50;4;52;4;no;old;no;;no;yes, within 2 trials;4;no;0;2;0.5;8;3;5;8;0.375;ID70_AdditionalTask_Foil_f_4y;did not ask;-0.44;0.197
70;f;50;4;52;4;no;old;no;;no;yes, within 2 trials;5;yes;1;3;0.6;8;3;5;8;0.375;ID70_AdditionalTask_Foil_f_4y;did not ask;-0.44;0.197
70;f;50;4;52;4;no;old;no;;no;yes, within 2 trials;6;no;0;3;0.5;8;3;5;8;0.375;ID70_AdditionalTask_Foil_f_4y;did not ask;-0.44;0.197
70;f;50;4;52;4;no;old;no;;no;yes, within 2 trials;7;no;0;3;0.428571429;8;3;5;8;0.375;ID70_AdditionalTask_Foil_f_4y;did not ask;-0.44;0.197
70;f;50;4;52;4;no;old;no;;no;yes, within 2 trials;8;no;0;3;0.375;8;3;5;8;0.375;ID70_AdditionalTask_Foil_f_4y;did not ask;-0.44;0.197
71;f;50;4;52;4;no;old;no;;no;yes, within 2 trials;1;yes;1;1;1;8;4;4;8;0.5;ID71_AdditionalTask_Foil_f_4y;did not ask;0.559;-0.014
71;f;50;4;52;4;no;old;no;;no;yes, within 2 trials;2;yes;1;2;1;8;4;4;8;0.5;ID71_AdditionalTask_Foil_f_4y;did not ask;0.559;-0.014
71;f;50;4;52;4;no;old;no;;no;yes, within 2 trials;3;yes;1;3;1;8;4;4;8;0.5;ID71_AdditionalTask_Foil_f_4y;did not ask;0.559;-0.014
71;f;50;4;52;4;no;old;no;;no;yes, within 2 trials;4;no;0;3;0.75;8;4;4;8;0.5;ID71_AdditionalTask_Foil_f_4y;did not ask;0.559;-0.014
71;f;50;4;52;4;no;old;no;;no;yes, within 2 trials;5;no;0;3;0.6;8;4;4;8;0.5;ID71_AdditionalTask_Foil_f_4y;did not ask;0.559;-0.014
71;f;50;4;52;4;no;old;no;;no;yes, within 2 trials;6;no;0;3;0.5;8;4;4;8;0.5;ID71_AdditionalTask_Foil_f_4y;did not ask;0.559;-0.014
71;f;50;4;52;4;no;old;no;;no;yes, within 2 trials;7;yes;1;4;0.571428571;8;4;4;8;0.5;ID71_AdditionalTask_Foil_f_4y;did not ask;0.559;-0.014
71;f;50;4;52;4;no;old;no;;no;yes, within 2 trials;8;no;0;4;0.5;8;4;4;8;0.5;ID71_AdditionalTask_Foil_f_4y;did not ask;0.559;-0.014
72;m;58;4;60;5;speech is not great and so can be difficult to understand sometimes;old;no;;no;yes, within 2 trials;1;yes;1;1;1;8;8;0;8;1;ID72_AdditionalTask_Foil_m_4y;"""I just noticed""";-1.160;0.807
72;m;58;4;60;5;speech is not great and so can be difficult to understand sometimes;old;no;;no;yes, within 2 trials;2;yes;1;2;1;8;8;0;8;1;ID72_AdditionalTask_Foil_m_4y;"""I just noticed""";-1.160;0.807
72;m;58;4;60;5;speech is not great and so can be difficult to understand sometimes;old;no;;no;yes, within 2 trials;3;yes;1;3;1;8;8;0;8;1;ID72_AdditionalTask_Foil_m_4y;"""I just noticed""";-1.160;0.807
72;m;58;4;60;5;speech is not great and so can be difficult to understand sometimes;old;no;;no;yes, within 2 trials;4;yes;1;4;1;8;8;0;8;1;ID72_AdditionalTask_Foil_m_4y;"""I just noticed""";-1.160;0.807
72;m;58;4;60;5;speech is not great and so can be difficult to understand sometimes;old;no;;no;yes, within 2 trials;5;yes;1;5;1;8;8;0;8;1;ID72_AdditionalTask_Foil_m_4y;"""I just noticed""";-1.160;0.807
72;m;58;4;60;5;speech is not great and so can be difficult to understand sometimes;old;no;;no;yes, within 2 trials;6;yes;1;6;1;8;8;0;8;1;ID72_AdditionalTask_Foil_m_4y;"""I just noticed""";-1.160;0.807
72;m;58;4;60;5;speech is not great and so can be difficult to understand sometimes;old;no;;no;yes, within 2 trials;7;yes;1;7;1;8;8;0;8;1;ID72_AdditionalTask_Foil_m_4y;"""I just noticed""";-1.160;0.807
72;m;58;4;60;5;speech is not great and so can be difficult to understand sometimes;old;no;;no;yes, within 2 trials;8;yes;1;8;1;8;8;0;8;1;ID72_AdditionalTask_Foil_m_4y;"""I just noticed""";-1.160;0.807
75;f;39;3;40;3;no;young;no;;no;yes, within 2 trials;1;yes;1;1;1;8;4;4;8;0.5;ID75_AdditionalTask_Foil_f_3y;;;
75;f;39;3;40;3;no;young;no;;no;yes, within 2 trials;2;yes;1;2;1;8;4;4;8;0.5;ID75_AdditionalTask_Foil_f_3y;;;
75;f;39;3;40;3;no;young;no;;no;yes, within 2 trials;3;yes;1;3;1;8;4;4;8;0.5;ID75_AdditionalTask_Foil_f_3y;;;
75;f;39;3;40;3;no;young;no;;no;yes, within 2 trials;4;no;0;3;0.75;8;4;4;8;0.5;ID75_AdditionalTask_Foil_f_3y;;;
75;f;39;3;40;3;no;young;no;;no;yes, within 2 trials;5;no;0;3;0.6;8;4;4;8;0.5;ID75_AdditionalTask_Foil_f_3y;;;
75;f;39;3;40;3;no;young;no;;no;yes, within 2 trials;6;yes;1;4;0.666666667;8;4;4;8;0.5;ID75_AdditionalTask_Foil_f_3y;;;
75;f;39;3;40;3;no;young;no;;no;yes, within 2 trials;7;no;0;4;0.571428571;8;4;4;8;0.5;ID75_AdditionalTask_Foil_f_3y;;;
75;f;39;3;40;3;no;young;no;;no;yes, within 2 trials;8;no;0;4;0.5;8;4;4;8;0.5;ID75_AdditionalTask_Foil_f_3y;;;
76;m;51;4;52;4;no;old;yes;saw E bait the cups through the camera;no;yes, within 2 trials;1;yes;1;1;1;13;11;2;13;0.846153846;ID76_AdditionalTask_Foil_m_4y_Dropout;;-1.120;-0.044
76;m;51;4;52;4;no;old;yes;saw E bait the cups through the camera;no;yes, within 2 trials;2;yes;1;2;1;13;11;2;13;0.846153846;ID76_AdditionalTask_Foil_m_4y_Dropout;;-1.120;-0.044
76;m;51;4;52;4;no;old;yes;saw E bait the cups through the camera;no;yes, within 2 trials;3;yes;1;3;1;13;11;2;13;0.846153846;ID76_AdditionalTask_Foil_m_4y_Dropout;;-1.120;-0.044
76;m;51;4;52;4;no;old;yes;saw E bait the cups through the camera;no;yes, within 2 trials;4;no;0;3;0.75;13;11;2;13;0.846153846;ID76_AdditionalTask_Foil_m_4y_Dropout;;-1.120;-0.044
76;m;51;4;52;4;no;old;yes;saw E bait the cups through the camera;no;yes, within 2 trials;5;yes;1;4;0.8;13;11;2;13;0.846153846;ID76_AdditionalTask_Foil_m_4y_Dropout;;-1.120;-0.044
76;m;51;4;52;4;no;old;yes;saw E bait the cups through the camera;no;yes, within 2 trials;6;yes;1;5;0.833333333;13;11;2;13;0.846153846;ID76_AdditionalTask_Foil_m_4y_Dropout;;-1.120;-0.044
76;m;51;4;52;4;no;old;yes;saw E bait the cups through the camera;no;yes, within 2 trials;7;yes;1;6;0.857142857;13;11;2;13;0.846153846;ID76_AdditionalTask_Foil_m_4y_Dropout;;-1.120;-0.044
76;m;51;4;52;4;no;old;yes;saw E bait the cups through the camera;no;yes, within 2 trials;8;yes;1;7;0.875;13;11;2;13;0.846153846;ID76_AdditionalTask_Foil_m_4y_Dropout;;-1.120;-0.044
76;m;51;4;52;4;no;old;yes;saw E bait the cups through the camera;no;yes, within 2 trials;9;no;0;7;0.777777778;13;11;2;13;0.846153846;ID76_AdditionalTask_Foil_m_4y_Dropout;;-1.120;-0.044
76;m;51;4;52;4;no;old;yes;saw E bait the cups through the camera;no;yes, within 2 trials;10;yes;1;8;0.8;13;11;2;13;0.846153846;ID76_AdditionalTask_Foil_m_4y_Dropout;;-1.120;-0.044
76;m;51;4;52;4;no;old;yes;saw E bait the cups through the camera;no;yes, within 2 trials;11;yes;1;9;0.818181818;13;11;2;13;0.846153846;ID76_AdditionalTask_Foil_m_4y_Dropout;;-1.120;-0.044
76;m;51;4;52;4;no;old;yes;saw E bait the cups through the camera;no;yes, within 2 trials;12;yes;1;10;0.833333333;13;11;2;13;0.846153846;ID76_AdditionalTask_Foil_m_4y_Dropout;;-1.120;-0.044
76;m;51;4;52;4;no;old;yes;saw E bait the cups through the camera;no;yes, within 2 trials;13;yes;1;11;0.846153846;13;11;2;13;0.846153846;ID76_AdditionalTask_Foil_m_4y_Dropout;;-1.120;-0.044
77;f;41;3;42;3;no information;young;no;;no;yes, within 2 trials;1;yes;1;1;1;8;2;6;8;0.25;ID77_AdditionalTask_Foil_f_3y;;0.841;1.397
77;f;41;3;42;3;no information;young;no;;no;yes, within 2 trials;2;yes;1;2;1;8;2;6;8;0.25;ID77_AdditionalTask_Foil_f_3y;;0.841;1.397
77;f;41;3;42;3;no information;young;no;;no;yes, within 2 trials;3;no;0;2;0.666666667;8;2;6;8;0.25;ID77_AdditionalTask_Foil_f_3y;;0.841;1.397
77;f;41;3;42;3;no information;young;no;;no;yes, within 2 trials;4;no;0;2;0.5;8;2;6;8;0.25;ID77_AdditionalTask_Foil_f_3y;;0.841;1.397
77;f;41;3;42;3;no information;young;no;;no;yes, within 2 trials;5;no;0;2;0.4;8;2;6;8;0.25;ID77_AdditionalTask_Foil_f_3y;;0.841;1.397
77;f;41;3;42;3;no information;young;no;;no;yes, within 2 trials;6;no;0;2;0.333333333;8;2;6;8;0.25;ID77_AdditionalTask_Foil_f_3y;;0.841;1.397
77;f;41;3;42;3;no information;young;no;;no;yes, within 2 trials;7;no;0;2;0.285714286;8;2;6;8;0.25;ID77_AdditionalTask_Foil_f_3y;;0.841;1.397
77;f;41;3;42;3;no information;young;no;;no;yes, within 2 trials;8;no;0;2;0.25;8;2;6;8;0.25;ID77_AdditionalTask_Foil_f_3y;;0.841;1.397
78;m;41;3;43;3;no;young;no;;no;yes, within 2 trials;1;yes;1;1;1;8;6;2;8;0.75;ID78_AdditionalTask_Foil_m_3y;Q1: I didn't look in that one. Q2: no answer;;
78;m;41;3;43;3;no;young;no;;no;yes, within 2 trials;2;no;0;1;0.5;8;6;2;8;0.75;ID78_AdditionalTask_Foil_m_3y;Q1: I didn't look in that one. Q2: no answer;;
78;m;41;3;43;3;no;young;no;;no;yes, within 2 trials;3;yes;1;2;0.666666667;8;6;2;8;0.75;ID78_AdditionalTask_Foil_m_3y;Q1: I didn't look in that one. Q2: no answer;;
78;m;41;3;43;3;no;young;no;;no;yes, within 2 trials;4;yes;1;3;0.75;8;6;2;8;0.75;ID78_AdditionalTask_Foil_m_3y;Q1: I didn't look in that one. Q2: no answer;;
78;m;41;3;43;3;no;young;no;;no;yes, within 2 trials;5;yes;1;4;0.8;8;6;2;8;0.75;ID78_AdditionalTask_Foil_m_3y;Q1: I didn't look in that one. Q2: no answer;;
78;m;41;3;43;3;no;young;no;;no;yes, within 2 trials;6;yes;1;5;0.833333333;8;6;2;8;0.75;ID78_AdditionalTask_Foil_m_3y;Q1: I didn't look in that one. Q2: no answer;;
78;m;41;3;43;3;no;young;no;;no;yes, within 2 trials;7;yes;1;6;0.857142857;8;6;2;8;0.75;ID78_AdditionalTask_Foil_m_3y;Q1: I didn't look in that one. Q2: no answer;;
78;m;41;3;43;3;no;young;no;;no;yes, within 2 trials;8;no;0;6;0.75;8;6;2;8;0.75;ID78_AdditionalTask_Foil_m_3y;Q1: I didn't look in that one. Q2: no answer;;
79;f;45;3;46;3;no;young;no;;no;yes, within 2 trials;1;yes;1;1;1;8;6;2;8;0.75;ID79_AdditionalTask_Foil_f_3y;gave no answer to question where sticker is, did not get impression that she understood it;-2.157;0.678
79;f;45;3;46;3;no;young;no;;no;yes, within 2 trials;2;yes;1;2;1;8;6;2;8;0.75;ID79_AdditionalTask_Foil_f_3y;gave no answer to question where sticker is, did not get impression that she understood it;-2.157;0.678
79;f;45;3;46;3;no;young;no;;no;yes, within 2 trials;3;no;0;2;0.666666667;8;6;2;8;0.75;ID79_AdditionalTask_Foil_f_3y;gave no answer to question where sticker is, did not get impression that she understood it;-2.157;0.678
79;f;45;3;46;3;no;young;no;;no;yes, within 2 trials;4;no;0;2;0.5;8;6;2;8;0.75;ID79_AdditionalTask_Foil_f_3y;gave no answer to question where sticker is, did not get impression that she understood it;-2.157;0.678
79;f;45;3;46;3;no;young;no;;no;yes, within 2 trials;5;yes;1;3;0.6;8;6;2;8;0.75;ID79_AdditionalTask_Foil_f_3y;gave no answer to question where sticker is, did not get impression that she understood it;-2.157;0.678
79;f;45;3;46;3;no;young;no;;no;yes, within 2 trials;6;yes;1;4;0.666666667;8;6;2;8;0.75;ID79_AdditionalTask_Foil_f_3y;gave no answer to question where sticker is, did not get impression that she understood it;-2.157;0.678
79;f;45;3;46;3;no;young;no;;no;yes, within 2 trials;7;yes;1;5;0.714285714;8;6;2;8;0.75;ID79_AdditionalTask_Foil_f_3y;gave no answer to question where sticker is, did not get impression that she understood it;-2.157;0.678
79;f;45;3;46;3;no;young;no;;no;yes, within 2 trials;8;yes;1;6;0.75;8;6;2;8;0.75;ID79_AdditionalTask_Foil_f_3y;gave no answer to question where sticker is, did not get impression that she understood it;-2.157;0.678
80;f;43;3;45;3;no information;young;no;;no;yes, within 2 trials;1;no;0;0;0;8;4;4;8;0.5;ID80_AdditionalTask_Foil_f_3y_part1, ID80_AdditionalTask_Foil_f_3y_part2;video stopped because memory card was full;1.449;0.224
80;f;43;3;45;3;no information;young;no;;no;yes, within 2 trials;2;no;0;0;0;8;4;4;8;0.5;ID80_AdditionalTask_Foil_f_3y_part1, ID80_AdditionalTask_Foil_f_3y_part3;video stopped because memory card was full;1.449;0.224
80;f;43;3;45;3;no information;young;no;;no;yes, within 2 trials;3;no;0;0;0;8;4;4;8;0.5;ID80_AdditionalTask_Foil_f_3y_part1, ID80_AdditionalTask_Foil_f_3y_part4;video stopped because memory card was full;1.449;0.224
80;f;43;3;45;3;no information;young;no;;no;yes, within 2 trials;4;no;0;0;0;8;4;4;8;0.5;ID80_AdditionalTask_Foil_f_3y_part1, ID80_AdditionalTask_Foil_f_3y_part5;video stopped because memory card was full;1.449;0.224
80;f;43;3;45;3;no information;young;no;;no;yes, within 2 trials;5;yes;1;1;0.2;8;4;4;8;0.5;ID80_AdditionalTask_Foil_f_3y_part1, ID80_AdditionalTask_Foil_f_3y_part6;video stopped because memory card was full;1.449;0.224
80;f;43;3;45;3;no information;young;no;;no;yes, within 2 trials;6;yes;1;2;0.333333333;8;4;4;8;0.5;ID80_AdditionalTask_Foil_f_3y_part1, ID80_AdditionalTask_Foil_f_3y_part7;video stopped because memory card was full;1.449;0.224
80;f;43;3;45;3;no information;young;no;;no;yes, within 2 trials;7;yes;1;3;0.428571429;8;4;4;8;0.5;ID80_AdditionalTask_Foil_f_3y_part1, ID80_AdditionalTask_Foil_f_3y_part8;video stopped because memory card was full;1.449;0.224
80;f;43;3;45;3;no information;young;no;;no;yes, within 2 trials;8;yes;1;4;0.5;8;4;4;8;0.5;ID80_AdditionalTask_Foil_f_3y_part1, ID80_AdditionalTask_Foil_f_3y_part9;video stopped because memory card was full;1.449;0.224
81;m;42;3;44;3;no;young;no;;no;yes, within 7 trials;1;no;0;0;0;8;5;3;8;0.625;ID81_AdditionalTask_Foil_m_3y;video stopped because memory card was full;;
81;m;42;3;44;3;no;young;no;;no;yes, within 7 trials;2;yes;1;1;0.5;8;5;3;8;0.625;ID81_AdditionalTask_Foil_m_3y;;;
81;m;42;3;44;3;no;young;no;;no;yes, within 7 trials;3;yes;1;2;0.666666667;8;5;3;8;0.625;ID81_AdditionalTask_Foil_m_3y;;;
81;m;42;3;44;3;no;young;no;;no;yes, within 7 trials;4;yes;1;3;0.75;8;5;3;8;0.625;ID81_AdditionalTask_Foil_m_3y;;;
81;m;42;3;44;3;no;young;no;;no;yes, within 7 trials;5;yes;1;4;0.8;8;5;3;8;0.625;ID81_AdditionalTask_Foil_m_3y;;;
81;m;42;3;44;3;no;young;no;;no;yes, within 7 trials;6;yes;1;5;0.833333333;8;5;3;8;0.625;ID81_AdditionalTask_Foil_m_3y;;;
81;m;42;3;44;3;no;young;no;;no;yes, within 7 trials;7;no;0;5;0.714285714;8;5;3;8;0.625;ID81_AdditionalTask_Foil_m_3y;;;
81;m;42;3;44;3;no;young;no;;no;yes, within 7 trials;8;no;0;5;0.625;8;5;3;8;0.625;ID81_AdditionalTask_Foil_m_3y;;;
83;f;50;4;52;4;no information;old;no;;no;yes, within 2 trials;1;yes;1;1;1;8;6;2;8;0.75;ID83_AdditionalTask_Foil_f_4y;Q1: I picked the colour Q2: Because I liked the favourite colour;;
83;f;50;4;52;4;no information;old;no;;no;yes, within 2 trials;2;no;0;1;0.5;8;6;2;8;0.75;ID83_AdditionalTask_Foil_f_4y;Q1: I picked the colour Q2: Because I liked the favourite colour;;
83;f;50;4;52;4;no information;old;no;;no;yes, within 2 trials;3;no;0;1;0.333333333;8;6;2;8;0.75;ID83_AdditionalTask_Foil_f_4y;Q1: I picked the colour Q2: Because I liked the favourite colour;;
83;f;50;4;52;4;no information;old;no;;no;yes, within 2 trials;4;yes;1;2;0.5;8;6;2;8;0.75;ID83_AdditionalTask_Foil_f_4y;Q1: I picked the colour Q2: Because I liked the favourite colour;;
83;f;50;4;52;4;no information;old;no;;no;yes, within 2 trials;5;yes;1;3;0.6;8;6;2;8;0.75;ID83_AdditionalTask_Foil_f_4y;Q1: I picked the colour Q2: Because I liked the favourite colour;;
83;f;50;4;52;4;no information;old;no;;no;yes, within 2 trials;6;yes;1;4;0.666666667;8;6;2;8;0.75;ID83_AdditionalTask_Foil_f_4y;Q1: I picked the colour Q2: Because I liked the favourite colour;;
83;f;50;4;52;4;no information;old;no;;no;yes, within 2 trials;7;yes;1;5;0.714285714;8;6;2;8;0.75;ID83_AdditionalTask_Foil_f_4y;Q1: I picked the colour Q2: Because I liked the favourite colour;;
83;f;50;4;52;4;no information;old;no;;no;yes, within 2 trials;8;yes;1;6;0.75;8;6;2;8;0.75;ID83_AdditionalTask_Foil_f_4y;Q1: I picked the colour Q2: Because I liked the favourite colour;;
84;f;50;4;52;4;no;old;no;;no;yes, within 2 trials;1;yes;1;1;1;8;5;3;8;0.625;ID84_AdditionalTask_Foil_f_4y;gave no answer to question where sticker is;;
84;f;50;4;52;4;no;old;no;;no;yes, within 2 trials;2;yes;1;2;1;8;5;3;8;0.625;ID84_AdditionalTask_Foil_f_4y;gave no answer to question where sticker is;;
84;f;50;4;52;4;no;old;no;;no;yes, within 2 trials;3;no;0;2;0.666666667;8;5;3;8;0.625;ID84_AdditionalTask_Foil_f_4y;gave no answer to question where sticker is;;
84;f;50;4;52;4;no;old;no;;no;yes, within 2 trials;4;yes;1;3;0.75;8;5;3;8;0.625;ID84_AdditionalTask_Foil_f_4y;gave no answer to question where sticker is;;
84;f;50;4;52;4;no;old;no;;no;yes, within 2 trials;5;yes;1;4;0.8;8;5;3;8;0.625;ID84_AdditionalTask_Foil_f_4y;gave no answer to question where sticker is;;
84;f;50;4;52;4;no;old;no;;no;yes, within 2 trials;6;yes;1;5;0.833333333;8;5;3;8;0.625;ID84_AdditionalTask_Foil_f_4y;gave no answer to question where sticker is;;
84;f;50;4;52;4;no;old;no;;no;yes, within 2 trials;7;no;0;5;0.714285714;8;5;3;8;0.625;ID84_AdditionalTask_Foil_f_4y;gave no answer to question where sticker is;;
84;f;50;4;52;4;no;old;no;;no;yes, within 2 trials;8;no;0;5;0.625;8;5;3;8;0.625;ID84_AdditionalTask_Foil_f_4y;gave no answer to question where sticker is;;
86;m;49;4;52;4;no;old;no;;no;yes, within 2 trials;1;no;0;0;0;8;3;5;8;0.375;ID86_AdditionalTask_Foil_m_4y;did not ask;;
86;m;49;4;52;4;no;old;no;;no;yes, within 2 trials;2;no;0;0;0;8;3;5;8;0.375;ID86_AdditionalTask_Foil_m_4y;did not ask;;
86;m;49;4;52;4;no;old;no;;no;yes, within 2 trials;3;yes;1;1;0.333333333;8;3;5;8;0.375;ID86_AdditionalTask_Foil_m_4y;did not ask;;
86;m;49;4;52;4;no;old;no;;no;yes, within 2 trials;4;yes;1;2;0.5;8;3;5;8;0.375;ID86_AdditionalTask_Foil_m_4y;did not ask;;
86;m;49;4;52;4;no;old;no;;no;yes, within 2 trials;5;no;0;2;0.4;8;3;5;8;0.375;ID86_AdditionalTask_Foil_m_4y;did not ask;;
86;m;49;4;52;4;no;old;no;;no;yes, within 2 trials;6;no;0;2;0.333333333;8;3;5;8;0.375;ID86_AdditionalTask_Foil_m_4y;did not ask;;
86;m;49;4;52;4;no;old;no;;no;yes, within 2 trials;7;yes;1;3;0.428571429;8;3;5;8;0.375;ID86_AdditionalTask_Foil_m_4y;did not ask;;
86;m;49;4;52;4;no;old;no;;no;yes, within 2 trials;8;no;0;3;0.375;8;3;5;8;0.375;ID86_AdditionalTask_Foil_m_4y;did not ask;;
87;f;52;4;54;4;no;old;no;;no;yes, within 2 trials;1;no;0;0;0;8;6;2;8;0.75;ID87_AdditionalTask_Foil_f_4y;forgot to ask;-2.233;0.569
87;f;52;4;54;4;no;old;no;;no;yes, within 2 trials;2;yes;1;1;0.5;8;6;2;8;0.75;ID87_AdditionalTask_Foil_f_4y;forgot to ask;-2.233;0.569
87;f;52;4;54;4;no;old;no;;no;yes, within 2 trials;3;yes;1;2;0.666666667;8;6;2;8;0.75;ID87_AdditionalTask_Foil_f_4y;forgot to ask;-2.233;0.569
87;f;52;4;54;4;no;old;no;;no;yes, within 2 trials;4;yes;1;3;0.75;8;6;2;8;0.75;ID87_AdditionalTask_Foil_f_4y;forgot to ask;-2.233;0.569
87;f;52;4;54;4;no;old;no;;no;yes, within 2 trials;5;yes;1;4;0.8;8;6;2;8;0.75;ID87_AdditionalTask_Foil_f_4y;forgot to ask;-2.233;0.569
87;f;52;4;54;4;no;old;no;;no;yes, within 2 trials;6;yes;1;5;0.833333333;8;6;2;8;0.75;ID87_AdditionalTask_Foil_f_4y;forgot to ask;-2.233;0.569
87;f;52;4;54;4;no;old;no;;no;yes, within 2 trials;7;yes;1;6;0.857142857;8;6;2;8;0.75;ID87_AdditionalTask_Foil_f_4y;forgot to ask;-2.233;0.569
87;f;52;4;54;4;no;old;no;;no;yes, within 2 trials;8;no;0;6;0.75;8;6;2;8;0.75;ID87_AdditionalTask_Foil_f_4y;forgot to ask;-2.233;0.569
88;m;36;3;39;3;no information;young;no;;no;yes, within 2 trials;1;yes;1;1;1;8;4;4;8;0.5;ID88_AdditionalTask_Foil_m_3y;forgot to ask;;
88;m;36;3;39;3;no information;young;no;;no;yes, within 2 trials;2;no;0;1;0.5;8;4;4;8;0.5;ID88_AdditionalTask_Foil_m_3y;;;
88;m;36;3;39;3;no information;young;no;;no;yes, within 2 trials;3;no;0;1;0.333333333;8;4;4;8;0.5;ID88_AdditionalTask_Foil_m_3y;;;
88;m;36;3;39;3;no information;young;no;;no;yes, within 2 trials;4;no;0;1;0.25;8;4;4;8;0.5;ID88_AdditionalTask_Foil_m_3y;;;
88;m;36;3;39;3;no information;young;no;;no;yes, within 2 trials;5;yes;1;2;0.4;8;4;4;8;0.5;ID88_AdditionalTask_Foil_m_3y;;;
88;m;36;3;39;3;no information;young;no;;no;yes, within 2 trials;6;yes;1;3;0.5;8;4;4;8;0.5;ID88_AdditionalTask_Foil_m_3y;;;
88;m;36;3;39;3;no information;young;no;;no;yes, within 2 trials;7;no;0;3;0.428571429;8;4;4;8;0.5;ID88_AdditionalTask_Foil_m_3y;;;
88;m;36;3;39;3;no information;young;no;;no;yes, within 2 trials;8;yes;1;4;0.5;8;4;4;8;0.5;ID88_AdditionalTask_Foil_m_3y;;;
89;m;43;3;45;3;no;young;no;;no;yes, within 2 trials;1;no;0;0;0;8;5;3;8;0.625;ID89_AdditionalTask_Foil_m_3y;forgot to ask;-0.242;-1.139
89;m;43;3;45;3;no;young;no;;no;yes, within 2 trials;2;yes;1;1;0.5;8;5;3;8;0.625;ID89_AdditionalTask_Foil_m_3y;forgot to ask;-0.242;-1.139
89;m;43;3;45;3;no;young;no;;no;yes, within 2 trials;3;no;0;1;0.333333333;8;5;3;8;0.625;ID89_AdditionalTask_Foil_m_3y;forgot to ask;-0.242;-1.139
89;m;43;3;45;3;no;young;no;;no;yes, within 2 trials;4;yes;1;2;0.5;8;5;3;8;0.625;ID89_AdditionalTask_Foil_m_3y;forgot to ask;-0.242;-1.139
89;m;43;3;45;3;no;young;no;;no;yes, within 2 trials;5;yes;1;3;0.6;8;5;3;8;0.625;ID89_AdditionalTask_Foil_m_3y;forgot to ask;-0.242;-1.139
89;m;43;3;45;3;no;young;no;;no;yes, within 2 trials;6;yes;1;4;0.666666667;8;5;3;8;0.625;ID89_AdditionalTask_Foil_m_3y;forgot to ask;-0.242;-1.139
89;m;43;3;45;3;no;young;no;;no;yes, within 2 trials;7;yes;1;5;0.714285714;8;5;3;8;0.625;ID89_AdditionalTask_Foil_m_3y;forgot to ask;-0.242;-1.139
89;m;43;3;45;3;no;young;no;;no;yes, within 2 trials;8;no;0;5;0.625;8;5;3;8;0.625;ID89_AdditionalTask_Foil_m_3y;forgot to ask;-0.242;-1.139
91;f;38;3;40;3;no;young;no;;no;yes, within 7 trials;1;yes;1;1;1;8;4;4;8;0.5;ID91_AdditionalTask_Foil_f_3y;;2.300;-1.227
91;f;38;3;40;3;no;young;no;;no;yes, within 7 trials;2;no;0;1;0.5;8;4;4;8;0.5;ID91_AdditionalTask_Foil_f_3y;;2.300;-1.227
91;f;38;3;40;3;no;young;no;;no;yes, within 7 trials;3;no;0;1;0.333333333;8;4;4;8;0.5;ID91_AdditionalTask_Foil_f_3y;;2.300;-1.227
91;f;38;3;40;3;no;young;no;;no;yes, within 7 trials;4;no;0;1;0.25;8;4;4;8;0.5;ID91_AdditionalTask_Foil_f_3y;;2.300;-1.227
91;f;38;3;40;3;no;young;no;;no;yes, within 7 trials;5;yes;1;2;0.4;8;4;4;8;0.5;ID91_AdditionalTask_Foil_f_3y;;2.300;-1.227
91;f;38;3;40;3;no;young;no;;no;yes, within 7 trials;6;yes;1;3;0.5;8;4;4;8;0.5;ID91_AdditionalTask_Foil_f_3y;;2.300;-1.227
91;f;38;3;40;3;no;young;no;;no;yes, within 7 trials;7;no;0;3;0.428571429;8;4;4;8;0.5;ID91_AdditionalTask_Foil_f_3y;;2.300;-1.227
91;f;38;3;40;3;no;young;no;;no;yes, within 7 trials;8;yes;1;4;0.5;8;4;4;8;0.5;ID91_AdditionalTask_Foil_f_3y;;2.300;-1.227
92;m;50;4;51;4;no;old;no;;no;yes, within 2 trials;1;yes;1;1;1;8;7;1;8;0.875;ID92_AdditionalTask_Foil_m_4y;"understood task, Q:""Because I keep trying""";-1.028;1.067
92;m;50;4;51;4;no;old;no;;no;yes, within 2 trials;2;yes;1;2;1;8;7;1;8;0.875;ID92_AdditionalTask_Foil_m_4y;"understood task, Q:""Because I keep trying""";-1.028;1.067
92;m;50;4;51;4;no;old;no;;no;yes, within 2 trials;3;yes;1;3;1;8;7;1;8;0.875;ID92_AdditionalTask_Foil_m_4y;"understood task, Q:""Because I keep trying""";-1.028;1.067
92;m;50;4;51;4;no;old;no;;no;yes, within 2 trials;4;yes;1;4;1;8;7;1;8;0.875;ID92_AdditionalTask_Foil_m_4y;"understood task, Q:""Because I keep trying""";-1.028;1.067
92;m;50;4;51;4;no;old;no;;no;yes, within 2 trials;5;yes;1;5;1;8;7;1;8;0.875;ID92_AdditionalTask_Foil_m_4y;"understood task, Q:""Because I keep trying""";-1.028;1.067
92;m;50;4;51;4;no;old;no;;no;yes, within 2 trials;6;yes;1;6;1;8;7;1;8;0.875;ID92_AdditionalTask_Foil_m_4y;"understood task, Q:""Because I keep trying""";-1.028;1.067
92;m;50;4;51;4;no;old;no;;no;yes, within 2 trials;7;no;0;6;0.857142857;8;7;1;8;0.875;ID92_AdditionalTask_Foil_m_4y;"understood task, Q:""Because I keep trying""";-1.028;1.067
92;m;50;4;51;4;no;old;no;;no;yes, within 2 trials;8;yes;1;7;0.875;8;7;1;8;0.875;ID92_AdditionalTask_Foil_m_4y;"understood task, Q:""Because I keep trying""";-1.028;1.067
93;f;45;3;46;3;no information;young;no;;no;yes, within 2 trials;1;yes;1;1;1;8;3;5;8;0.375;ID93_AdditionalTask_Foil_f_3y;;;
93;f;45;3;46;3;no information;young;no;;no;yes, within 2 trials;2;no;0;1;0.5;8;3;5;8;0.375;ID93_AdditionalTask_Foil_f_3y;;;
93;f;45;3;46;3;no information;young;no;;no;yes, within 2 trials;3;yes;1;2;0.666666667;8;3;5;8;0.375;ID93_AdditionalTask_Foil_f_3y;;;
93;f;45;3;46;3;no information;young;no;;no;yes, within 2 trials;4;no;0;2;0.5;8;3;5;8;0.375;ID93_AdditionalTask_Foil_f_3y;;;
93;f;45;3;46;3;no information;young;no;;no;yes, within 2 trials;5;no;0;2;0.4;8;3;5;8;0.375;ID93_AdditionalTask_Foil_f_3y;;;
93;f;45;3;46;3;no information;young;no;;no;yes, within 2 trials;6;no;0;2;0.333333333;8;3;5;8;0.375;ID93_AdditionalTask_Foil_f_3y;;;
93;f;45;3;46;3;no information;young;no;;no;yes, within 2 trials;7;yes;1;3;0.428571429;8;3;5;8;0.375;ID93_AdditionalTask_Foil_f_3y;;;
93;f;45;3;46;3;no information;young;no;;no;yes, within 2 trials;8;no;0;3;0.375;8;3;5;8;0.375;ID93_AdditionalTask_Foil_f_3y;;;
94;f;45;3;47;3;no;young;no;;no;yes, within 2 trials;1;yes;1;1;1;8;3;5;8;0.375;ID94_AdditionalTask_Foil_f_3y;did not ask, but really did not understand it;2.392;-1.702
94;f;45;3;47;3;no;young;no;;no;yes, within 2 trials;2;yes;1;2;1;8;3;5;8;0.375;ID94_AdditionalTask_Foil_f_3y;did not ask, but really did not understand it;2.392;-1.702
94;f;45;3;47;3;no;young;no;;no;yes, within 2 trials;3;no;0;2;0.666666667;8;3;5;8;0.375;ID94_AdditionalTask_Foil_f_3y;did not ask, but really did not understand it;2.392;-1.702
94;f;45;3;47;3;no;young;no;;no;yes, within 2 trials;4;no;0;2;0.5;8;3;5;8;0.375;ID94_AdditionalTask_Foil_f_3y;did not ask, but really did not understand it;2.392;-1.702
94;f;45;3;47;3;no;young;no;;no;yes, within 2 trials;5;no;0;2;0.4;8;3;5;8;0.375;ID94_AdditionalTask_Foil_f_3y;did not ask, but really did not understand it;2.392;-1.702
94;f;45;3;47;3;no;young;no;;no;yes, within 2 trials;6;yes;1;3;0.5;8;3;5;8;0.375;ID94_AdditionalTask_Foil_f_3y;did not ask, but really did not understand it;2.392;-1.702
94;f;45;3;47;3;no;young;no;;no;yes, within 2 trials;7;no;0;3;0.428571429;8;3;5;8;0.375;ID94_AdditionalTask_Foil_f_3y;did not ask, but really did not understand it;2.392;-1.702
94;f;45;3;47;3;no;young;no;;no;yes, within 2 trials;8;no;0;3;0.375;8;3;5;8;0.375;ID94_AdditionalTask_Foil_f_3y;did not ask, but really did not understand it;2.392;-1.702
96;m;54;4;56;4;Speech Therapy;old;no;;no;yes, within 2 trials;1;no;0;0;0;8;4;4;8;0.5;ID96_AdditionalTask_Foil_m_4y;did not ask, but really did not understand it;-0.747;1.295
96;m;54;4;56;4;Speech Therapy;old;no;;no;yes, within 2 trials;2;yes;1;1;0.5;8;4;4;8;0.5;ID96_AdditionalTask_Foil_m_4y;;-0.747;1.295
96;m;54;4;56;4;Speech Therapy;old;no;;no;yes, within 2 trials;3;yes;1;2;0.666666667;8;4;4;8;0.5;ID96_AdditionalTask_Foil_m_4y;;-0.747;1.295
96;m;54;4;56;4;Speech Therapy;old;no;;no;yes, within 2 trials;4;no;0;2;0.5;8;4;4;8;0.5;ID96_AdditionalTask_Foil_m_4y;;-0.747;1.295
96;m;54;4;56;4;Speech Therapy;old;no;;no;yes, within 2 trials;5;no;0;2;0.4;8;4;4;8;0.5;ID96_AdditionalTask_Foil_m_4y;;-0.747;1.295
96;m;54;4;56;4;Speech Therapy;old;no;;no;yes, within 2 trials;6;yes;1;3;0.5;8;4;4;8;0.5;ID96_AdditionalTask_Foil_m_4y;;-0.747;1.295
96;m;54;4;56;4;Speech Therapy;old;no;;no;yes, within 2 trials;7;yes;1;4;0.571428571;8;4;4;8;0.5;ID96_AdditionalTask_Foil_m_4y;;-0.747;1.295
96;m;54;4;56;4;Speech Therapy;old;no;;no;yes, within 2 trials;8;no;0;4;0.5;8;4;4;8;0.5;ID96_AdditionalTask_Foil_m_4y;;-0.747;1.295
97;m;53;4;55;4;no information;old;no;;no;yes, within 2 trials;1;yes;1;1;1;8;3;5;8;0.375;ID97_AdditionalTask_Foil_m_4y;;0.883;-0.02
97;m;53;4;55;4;no information;old;no;;no;yes, within 2 trials;2;no;0;1;0.5;8;3;5;8;0.375;ID97_AdditionalTask_Foil_m_4y;;0.883;-0.02
97;m;53;4;55;4;no information;old;no;;no;yes, within 2 trials;3;no;0;1;0.333333333;8;3;5;8;0.375;ID97_AdditionalTask_Foil_m_4y;;0.883;-0.02
97;m;53;4;55;4;no information;old;no;;no;yes, within 2 trials;4;yes;1;2;0.5;8;3;5;8;0.375;ID97_AdditionalTask_Foil_m_4y;;0.883;-0.02
97;m;53;4;55;4;no information;old;no;;no;yes, within 2 trials;5;no;0;2;0.4;8;3;5;8;0.375;ID97_AdditionalTask_Foil_m_4y;;0.883;-0.02
97;m;53;4;55;4;no information;old;no;;no;yes, within 2 trials;6;yes;1;3;0.5;8;3;5;8;0.375;ID97_AdditionalTask_Foil_m_4y;;0.883;-0.02
97;m;53;4;55;4;no information;old;no;;no;yes, within 2 trials;7;no;0;3;0.428571429;8;3;5;8;0.375;ID97_AdditionalTask_Foil_m_4y;;0.883;-0.02
97;m;53;4;55;4;no information;old;no;;no;yes, within 2 trials;8;no;0;3;0.375;8;3;5;8;0.375;ID97_AdditionalTask_Foil_m_4y;;0.883;-0.02
98;f;46;3;47;3;speech + language;young;no;;no;yes, within 2 trials;1;no;0;0;0;8;5;3;8;0.625;ID98_AdditionalTask_Foil_f_3y;;;
98;f;46;3;47;3;speech + language;young;no;;no;yes, within 2 trials;2;no;0;0;0;8;5;3;8;0.625;ID98_AdditionalTask_Foil_f_3y;;;
98;f;46;3;47;3;speech + language;young;no;;no;yes, within 2 trials;3;yes;1;1;0.333333333;8;5;3;8;0.625;ID98_AdditionalTask_Foil_f_3y;;;
98;f;46;3;47;3;speech + language;young;no;;no;yes, within 2 trials;4;yes;1;2;0.5;8;5;3;8;0.625;ID98_AdditionalTask_Foil_f_3y;;;
98;f;46;3;47;3;speech + language;young;no;;no;yes, within 2 trials;5;yes;1;3;0.6;8;5;3;8;0.625;ID98_AdditionalTask_Foil_f_3y;;;
98;f;46;3;47;3;speech + language;young;no;;no;yes, within 2 trials;6;yes;1;4;0.666666667;8;5;3;8;0.625;ID98_AdditionalTask_Foil_f_3y;;;
98;f;46;3;47;3;speech + language;young;no;;no;yes, within 2 trials;7;yes;1;5;0.714285714;8;5;3;8;0.625;ID98_AdditionalTask_Foil_f_3y;;;
98;f;46;3;47;3;speech + language;young;no;;no;yes, within 2 trials;8;no;0;5;0.625;8;5;3;8;0.625;ID98_AdditionalTask_Foil_f_3y;;;
99;f;45;3;47;3;no;young;no;;no;yes, within 2 trials;1;yes;1;1;1;8;4;4;8;0.5;ID99_AdditionalTask_Foil_f_3y;location bias;;
99;f;45;3;47;3;no;young;no;;no;yes, within 2 trials;2;yes;1;2;1;8;4;4;8;0.5;ID99_AdditionalTask_Foil_f_3y;location bias;;
99;f;45;3;47;3;no;young;no;;no;yes, within 2 trials;3;no;0;2;0.666666667;8;4;4;8;0.5;ID99_AdditionalTask_Foil_f_3y;location bias;;
99;f;45;3;47;3;no;young;no;;no;yes, within 2 trials;4;yes;1;3;0.75;8;4;4;8;0.5;ID99_AdditionalTask_Foil_f_3y;location bias;;
99;f;45;3;47;3;no;young;no;;no;yes, within 2 trials;5;no;0;3;0.6;8;4;4;8;0.5;ID99_AdditionalTask_Foil_f_3y;location bias;;
99;f;45;3;47;3;no;young;no;;no;yes, within 2 trials;6;no;0;3;0.5;8;4;4;8;0.5;ID99_AdditionalTask_Foil_f_3y;location bias;;
99;f;45;3;47;3;no;young;no;;no;yes, within 2 trials;7;yes;1;4;0.571428571;8;4;4;8;0.5;ID99_AdditionalTask_Foil_f_3y;location bias;;
99;f;45;3;47;3;no;young;no;;no;yes, within 2 trials;8;no;0;4;0.5;8;4;4;8;0.5;ID99_AdditionalTask_Foil_f_3y;location bias;;
100;m;57;4;59;4;no information;old;no;;no;yes, within 2 trials;1;yes;1;1;1;8;6;2;8;0.75;ID100_AdditionalTask_Foil_m_4y;did not ask;0.914;2.552
100;m;57;4;59;4;no information;old;no;;no;yes, within 2 trials;2;yes;1;2;1;8;6;2;8;0.75;ID100_AdditionalTask_Foil_m_4y;did not ask;0.914;2.552
100;m;57;4;59;4;no information;old;no;;no;yes, within 2 trials;3;no;0;2;0.666666667;8;6;2;8;0.75;ID100_AdditionalTask_Foil_m_4y;did not ask;0.914;2.552
100;m;57;4;59;4;no information;old;no;;no;yes, within 2 trials;4;yes;1;3;0.75;8;6;2;8;0.75;ID100_AdditionalTask_Foil_m_4y;did not ask;0.914;2.552
100;m;57;4;59;4;no information;old;no;;no;yes, within 2 trials;5;yes;1;4;0.8;8;6;2;8;0.75;ID100_AdditionalTask_Foil_m_4y;did not ask;0.914;2.552
100;m;57;4;59;4;no information;old;no;;no;yes, within 2 trials;6;no;0;4;0.666666667;8;6;2;8;0.75;ID100_AdditionalTask_Foil_m_4y;did not ask;0.914;2.552
100;m;57;4;59;4;no information;old;no;;no;yes, within 2 trials;7;yes;1;5;0.714285714;8;6;2;8;0.75;ID100_AdditionalTask_Foil_m_4y;did not ask;0.914;2.552
100;m;57;4;59;4;no information;old;no;;no;yes, within 2 trials;8;yes;1;6;0.75;8;6;2;8;0.75;ID100_AdditionalTask_Foil_m_4y;did not ask;0.914;2.552
117;m;64;5;65;5;no;old;no;;no;yes, within 2 trials;1;yes;1;1;1;8;6;2;8;0.75;ID117_AdditionalTask_Foil_m_5y;;;
117;m;64;5;65;5;no;old;no;;no;yes, within 2 trials;2;yes;1;2;1;8;6;2;8;0.75;ID117_AdditionalTask_Foil_m_5y;;;
117;m;64;5;65;5;no;old;no;;no;yes, within 2 trials;3;yes;1;3;1;8;6;2;8;0.75;ID117_AdditionalTask_Foil_m_5y;;;
117;m;64;5;65;5;no;old;no;;no;yes, within 2 trials;4;yes;1;4;1;8;6;2;8;0.75;ID117_AdditionalTask_Foil_m_5y;;;
117;m;64;5;65;5;no;old;no;;no;yes, within 2 trials;5;yes;1;5;1;8;6;2;8;0.75;ID117_AdditionalTask_Foil_m_5y;;;
117;m;64;5;65;5;no;old;no;;no;yes, within 2 trials;6;no;0;5;0.833333333;8;6;2;8;0.75;ID117_AdditionalTask_Foil_m_5y;;;
117;m;64;5;65;5;no;old;no;;no;yes, within 2 trials;7;yes;1;6;0.857142857;8;6;2;8;0.75;ID117_AdditionalTask_Foil_m_5y;;;
117;m;64;5;65;5;no;old;no;;no;yes, within 2 trials;8;no;0;6;0.75;8;6;2;8;0.75;ID117_AdditionalTask_Foil_m_5y;;;
119;f;59;4;61;5;no;old;no;;no;yes, within 2 trials;1;yes;1;1;1;8;5;3;8;0.625;ID119_AdditionalTask_Foil_f_4y;because one had a bigger hole (RA said she made sure the holes were of equal size);-1.611;-0.366
119;f;59;4;61;5;no;old;no;;no;yes, within 2 trials;2;yes;1;2;1;8;5;3;8;0.625;ID119_AdditionalTask_Foil_f_4y;because one had a bigger hole (RA said she made sure the holes were of equal size);-1.611;-0.366
119;f;59;4;61;5;no;old;no;;no;yes, within 2 trials;3;yes;1;3;1;8;5;3;8;0.625;ID119_AdditionalTask_Foil_f_4y;because one had a bigger hole (RA said she made sure the holes were of equal size);-1.611;-0.366
119;f;59;4;61;5;no;old;no;;no;yes, within 2 trials;4;yes;1;4;1;8;5;3;8;0.625;ID119_AdditionalTask_Foil_f_4y;because one had a bigger hole (RA said she made sure the holes were of equal size);-1.611;-0.366
119;f;59;4;61;5;no;old;no;;no;yes, within 2 trials;5;no;0;4;0.8;8;5;3;8;0.625;ID119_AdditionalTask_Foil_f_4y;because one had a bigger hole (RA said she made sure the holes were of equal size);-1.611;-0.366
119;f;59;4;61;5;no;old;no;;no;yes, within 2 trials;6;no;0;4;0.666666667;8;5;3;8;0.625;ID119_AdditionalTask_Foil_f_4y;because one had a bigger hole (RA said she made sure the holes were of equal size);-1.611;-0.366
119;f;59;4;61;5;no;old;no;;no;yes, within 2 trials;7;no;0;4;0.571428571;8;5;3;8;0.625;ID119_AdditionalTask_Foil_f_4y;because one had a bigger hole (RA said she made sure the holes were of equal size);-1.611;-0.366
119;f;59;4;61;5;no;old;no;;no;yes, within 2 trials;8;yes;1;5;0.625;8;5;3;8;0.625;ID119_AdditionalTask_Foil_f_4y;because one had a bigger hole (RA said she made sure the holes were of equal size);-1.611;-0.366
120;m;70;5;72;6;no;old;no;;no;yes, within 2 trials;1;yes;1;1;1;8;6;2;8;0.75;ID120_AdditionalTask_Foil_m_5y;did not ask;;
120;m;70;5;72;6;no;old;no;;no;yes, within 2 trials;2;yes;1;2;1;8;6;2;8;0.75;ID120_AdditionalTask_Foil_m_5y;did not ask;;
120;m;70;5;72;6;no;old;no;;no;yes, within 2 trials;3;yes;1;3;1;8;6;2;8;0.75;ID120_AdditionalTask_Foil_m_5y;did not ask;;
120;m;70;5;72;6;no;old;no;;no;yes, within 2 trials;4;no;0;3;0.75;8;6;2;8;0.75;ID120_AdditionalTask_Foil_m_5y;did not ask;;
120;m;70;5;72;6;no;old;no;;no;yes, within 2 trials;5;no;0;3;0.6;8;6;2;8;0.75;ID120_AdditionalTask_Foil_m_5y;did not ask;;
120;m;70;5;72;6;no;old;no;;no;yes, within 2 trials;6;yes;1;4;0.666666667;8;6;2;8;0.75;ID120_AdditionalTask_Foil_m_5y;did not ask;;
120;m;70;5;72;6;no;old;no;;no;yes, within 2 trials;7;yes;1;5;0.714285714;8;6;2;8;0.75;ID120_AdditionalTask_Foil_m_5y;did not ask;;
120;m;70;5;72;6;no;old;no;;no;yes, within 2 trials;8;yes;1;6;0.75;8;6;2;8;0.75;ID120_AdditionalTask_Foil_m_5y;did not ask;;
121;f;58;4;60;5;no;old;no;;no;yes, within 2 trials;1;no;0;0;0;8;5;3;8;0.625;ID121_AdditionalTask_Foil_f_4y;;-1.169;0.231
121;f;58;4;60;5;no;old;no;;no;yes, within 2 trials;2;no;0;0;0;8;5;3;8;0.625;ID121_AdditionalTask_Foil_f_4y;;-1.169;0.231
121;f;58;4;60;5;no;old;no;;no;yes, within 2 trials;3;yes;1;1;0.333333333;8;5;3;8;0.625;ID121_AdditionalTask_Foil_f_4y;;-1.169;0.231
121;f;58;4;60;5;no;old;no;;no;yes, within 2 trials;4;yes;1;2;0.5;8;5;3;8;0.625;ID121_AdditionalTask_Foil_f_4y;;-1.169;0.231
121;f;58;4;60;5;no;old;no;;no;yes, within 2 trials;5;no;0;2;0.4;8;5;3;8;0.625;ID121_AdditionalTask_Foil_f_4y;;-1.169;0.231
121;f;58;4;60;5;no;old;no;;no;yes, within 2 trials;6;yes;1;3;0.5;8;5;3;8;0.625;ID121_AdditionalTask_Foil_f_4y;;-1.169;0.231
121;f;58;4;60;5;no;old;no;;no;yes, within 2 trials;7;yes;1;4;0.571428571;8;5;3;8;0.625;ID121_AdditionalTask_Foil_f_4y;;-1.169;0.231
121;f;58;4;60;5;no;old;no;;no;yes, within 2 trials;8;yes;1;5;0.625;8;5;3;8;0.625;ID121_AdditionalTask_Foil_f_4y;;-1.169;0.231
122;f;53;4;54;4;no;old;no;;no;yes, within 2 trials;1;no;0;0;0;8;3;5;8;0.375;ID122_AdditionalTask_Foil_f_4y;did not ask;-0.55;0.831
122;f;53;4;54;4;no;old;no;;no;yes, within 2 trials;2;no;0;0;0;8;3;5;8;0.375;ID122_AdditionalTask_Foil_f_4y;did not ask;-0.55;0.831
122;f;53;4;54;4;no;old;no;;no;yes, within 2 trials;3;yes;1;1;0.333333333;8;3;5;8;0.375;ID122_AdditionalTask_Foil_f_4y;did not ask;-0.55;0.831
122;f;53;4;54;4;no;old;no;;no;yes, within 2 trials;4;no;0;1;0.25;8;3;5;8;0.375;ID122_AdditionalTask_Foil_f_4y;did not ask;-0.55;0.831
122;f;53;4;54;4;no;old;no;;no;yes, within 2 trials;5;yes;1;2;0.4;8;3;5;8;0.375;ID122_AdditionalTask_Foil_f_4y;did not ask;-0.55;0.831
122;f;53;4;54;4;no;old;no;;no;yes, within 2 trials;6;no;0;2;0.333333333;8;3;5;8;0.375;ID122_AdditionalTask_Foil_f_4y;did not ask;-0.55;0.831
122;f;53;4;54;4;no;old;no;;no;yes, within 2 trials;7;no;0;2;0.285714286;8;3;5;8;0.375;ID122_AdditionalTask_Foil_f_4y;did not ask;-0.55;0.831
122;f;53;4;54;4;no;old;no;;no;yes, within 2 trials;8;yes;1;3;0.375;8;3;5;8;0.375;ID122_AdditionalTask_Foil_f_4y;did not ask;-0.55;0.831
123;f;52;4;53;4;no information;old;no;;no;yes, within 2 trials;1;no;0;0;0;8;5;3;8;0.625;ID123_AdditionalTask_Foil_f_4y;At the start the child said 'I know how to do this one, I've played it in my house' ;;
123;f;52;4;53;4;no information;old;no;;no;yes, within 2 trials;2;no;0;0;0;8;5;3;8;0.625;ID123_AdditionalTask_Foil_f_4y;At the start the child said 'I know how to do this one, I've played it in my house' ;;
123;f;52;4;53;4;no information;old;no;;no;yes, within 2 trials;3;yes;1;1;0.333333333;8;5;3;8;0.625;ID123_AdditionalTask_Foil_f_4y;At the start the child said 'I know how to do this one, I've played it in my house' ;;
123;f;52;4;53;4;no information;old;no;;no;yes, within 2 trials;4;yes;1;2;0.5;8;5;3;8;0.625;ID123_AdditionalTask_Foil_f_4y;At the start the child said 'I know how to do this one, I've played it in my house' ;;
123;f;52;4;53;4;no information;old;no;;no;yes, within 2 trials;5;yes;1;3;0.6;8;5;3;8;0.625;ID123_AdditionalTask_Foil_f_4y;At the start the child said 'I know how to do this one, I've played it in my house' ;;
123;f;52;4;53;4;no information;old;no;;no;yes, within 2 trials;6;yes;1;4;0.666666667;8;5;3;8;0.625;ID123_AdditionalTask_Foil_f_4y;At the start the child said 'I know how to do this one, I've played it in my house' ;;
123;f;52;4;53;4;no information;old;no;;no;yes, within 2 trials;7;no;0;4;0.571428571;8;5;3;8;0.625;ID123_AdditionalTask_Foil_f_4y;At the start the child said 'I know how to do this one, I've played it in my house' ;;
123;f;52;4;53;4;no information;old;no;;no;yes, within 2 trials;8;yes;1;5;0.625;8;5;3;8;0.625;ID123_AdditionalTask_Foil_f_4y;At the start the child said 'I know how to do this one, I've played it in my house' ;;
124;m;52;4;52;4;no;old;no;;no;yes, within 2 trials;1;yes;1;1;1;8;5;3;8;0.625;ID124_AdditionalTask_Foil_m_4y;;-0.145;-1.562
124;m;52;4;52;4;no;old;no;;no;yes, within 2 trials;2;no;0;1;0.5;8;5;3;8;0.625;ID124_AdditionalTask_Foil_m_4y;;-0.145;-1.562
124;m;52;4;52;4;no;old;no;;no;yes, within 2 trials;3;yes;1;2;0.666666667;8;5;3;8;0.625;ID124_AdditionalTask_Foil_m_4y;;-0.145;-1.562
124;m;52;4;52;4;no;old;no;;no;yes, within 2 trials;4;yes;1;3;0.75;8;5;3;8;0.625;ID124_AdditionalTask_Foil_m_4y;;-0.145;-1.562
124;m;52;4;52;4;no;old;no;;no;yes, within 2 trials;5;yes;1;4;0.8;8;5;3;8;0.625;ID124_AdditionalTask_Foil_m_4y;;-0.145;-1.562
124;m;52;4;52;4;no;old;no;;no;yes, within 2 trials;6;yes;1;5;0.833333333;8;5;3;8;0.625;ID124_AdditionalTask_Foil_m_4y;;-0.145;-1.562
124;m;52;4;52;4;no;old;no;;no;yes, within 2 trials;7;no;0;5;0.714285714;8;5;3;8;0.625;ID124_AdditionalTask_Foil_m_4y;;-0.145;-1.562
124;m;52;4;52;4;no;old;no;;no;yes, within 2 trials;8;no;0;5;0.625;8;5;3;8;0.625;ID124_AdditionalTask_Foil_m_4y;;-0.145;-1.562
125;f;40;3;41;3;no;young;no;;no;yes, within 2 trials;1;no;0;0;0;8;4;4;8;0.5;ID125_AdditionalTask_Foil_m_3y;;;
125;f;40;3;41;3;no;young;no;;no;yes, within 2 trials;2;yes;1;1;0.5;8;4;4;8;0.5;ID125_AdditionalTask_Foil_m_3y;;;
125;f;40;3;41;3;no;young;no;;no;yes, within 2 trials;3;yes;1;2;0.666666667;8;4;4;8;0.5;ID125_AdditionalTask_Foil_m_3y;;;
125;f;40;3;41;3;no;young;no;;no;yes, within 2 trials;4;no;0;2;0.5;8;4;4;8;0.5;ID125_AdditionalTask_Foil_m_3y;;;
125;f;40;3;41;3;no;young;no;;no;yes, within 2 trials;5;yes;1;3;0.6;8;4;4;8;0.5;ID125_AdditionalTask_Foil_m_3y;;;
125;f;40;3;41;3;no;young;no;;no;yes, within 2 trials;6;yes;1;4;0.666666667;8;4;4;8;0.5;ID125_AdditionalTask_Foil_m_3y;;;
125;f;40;3;41;3;no;young;no;;no;yes, within 2 trials;7;no;0;4;0.571428571;8;4;4;8;0.5;ID125_AdditionalTask_Foil_m_3y;;;
125;f;40;3;41;3;no;young;no;;no;yes, within 2 trials;8;no;0;4;0.5;8;4;4;8;0.5;ID125_AdditionalTask_Foil_m_3y;;;
126;f;53;4;54;4;no information;old;no;;no;yes, within 2 trials;1;yes;1;1;1;8;3;5;8;0.375;ID126_AdditionalTask_Foil_f_4y;;;
126;f;53;4;54;4;no information;old;no;;no;yes, within 2 trials;2;no;0;1;0.5;8;3;5;8;0.375;ID126_AdditionalTask_Foil_f_4y;;;
126;f;53;4;54;4;no information;old;no;;no;yes, within 2 trials;3;no;0;1;0.333333333;8;3;5;8;0.375;ID126_AdditionalTask_Foil_f_4y;;;
126;f;53;4;54;4;no information;old;no;;no;yes, within 2 trials;4;yes;1;2;0.5;8;3;5;8;0.375;ID126_AdditionalTask_Foil_f_4y;;;
126;f;53;4;54;4;no information;old;no;;no;yes, within 2 trials;5;yes;1;3;0.6;8;3;5;8;0.375;ID126_AdditionalTask_Foil_f_4y;;;
126;f;53;4;54;4;no information;old;no;;no;yes, within 2 trials;6;no;0;3;0.5;8;3;5;8;0.375;ID126_AdditionalTask_Foil_f_4y;;;
126;f;53;4;54;4;no information;old;no;;no;yes, within 2 trials;7;no;0;3;0.428571429;8;3;5;8;0.375;ID126_AdditionalTask_Foil_f_4y;;;
126;f;53;4;54;4;no information;old;no;;no;yes, within 2 trials;8;no;0;3;0.375;8;3;5;8;0.375;ID126_AdditionalTask_Foil_f_4y;;;
130;f;45;3;46;3;no;young;no;;no;yes, within 2 trials;1;yes;1;1;1;8;4;4;8;0.5;ID130_AdditionalTask_Foil_f_3y;;0.499;-1.133
130;f;45;3;46;3;no;young;no;;no;yes, within 2 trials;2;no;0;1;0.5;8;4;4;8;0.5;ID130_AdditionalTask_Foil_f_3y;;0.499;-1.133
130;f;45;3;46;3;no;young;no;;no;yes, within 2 trials;3;yes;1;2;0.666666667;8;4;4;8;0.5;ID130_AdditionalTask_Foil_f_3y;;0.499;-1.133
130;f;45;3;46;3;no;young;no;;no;yes, within 2 trials;4;yes;1;3;0.75;8;4;4;8;0.5;ID130_AdditionalTask_Foil_f_3y;;0.499;-1.133
130;f;45;3;46;3;no;young;no;;no;yes, within 2 trials;5;yes;1;4;0.8;8;4;4;8;0.5;ID130_AdditionalTask_Foil_f_3y;;0.499;-1.133
130;f;45;3;46;3;no;young;no;;no;yes, within 2 trials;6;no;0;4;0.666666667;8;4;4;8;0.5;ID130_AdditionalTask_Foil_f_3y;;0.499;-1.133
130;f;45;3;46;3;no;young;no;;no;yes, within 2 trials;7;no;0;4;0.571428571;8;4;4;8;0.5;ID130_AdditionalTask_Foil_f_3y;;0.499;-1.133
130;f;45;3;46;3;no;young;no;;no;yes, within 2 trials;8;no;0;4;0.5;8;4;4;8;0.5;ID130_AdditionalTask_Foil_f_3y;;0.499;-1.133
131;m;53;4;53;4;no;old;no;;no;yes, within 2 trials;1;no;0;0;0;8;4;4;8;0.5;ID131_AdditionalTask_Foil_m_4y;;;
131;m;53;4;53;4;no;old;no;;no;yes, within 2 trials;2;no;0;0;0;8;4;4;8;0.5;ID131_AdditionalTask_Foil_m_4y;;;
131;m;53;4;53;4;no;old;no;;no;yes, within 2 trials;3;yes;1;1;0.333333333;8;4;4;8;0.5;ID131_AdditionalTask_Foil_m_4y;;;
131;m;53;4;53;4;no;old;no;;no;yes, within 2 trials;4;no;0;1;0.25;8;4;4;8;0.5;ID131_AdditionalTask_Foil_m_4y;;;
131;m;53;4;53;4;no;old;no;;no;yes, within 2 trials;5;yes;1;2;0.4;8;4;4;8;0.5;ID131_AdditionalTask_Foil_m_4y;;;
131;m;53;4;53;4;no;old;no;;no;yes, within 2 trials;6;yes;1;3;0.5;8;4;4;8;0.5;ID131_AdditionalTask_Foil_m_4y;;;
131;m;53;4;53;4;no;old;no;;no;yes, within 2 trials;7;no;0;3;0.428571429;8;4;4;8;0.5;ID131_AdditionalTask_Foil_m_4y;;;
131;m;53;4;53;4;no;old;no;;no;yes, within 2 trials;8;yes;1;4;0.5;8;4;4;8;0.5;ID131_AdditionalTask_Foil_m_4y;;;
132;f;54;4;58;4;no;old;no;;no;yes, within 2 trials;1;yes;1;1;1;8;6;2;8;0.75;ID132_AdditionalTask_Foil_f_4y;I don't know;;
132;f;54;4;58;4;no;old;no;;no;yes, within 2 trials;2;yes;1;2;1;8;6;2;8;0.75;ID132_AdditionalTask_Foil_f_4y;I don't know;;
132;f;54;4;58;4;no;old;no;;no;yes, within 2 trials;3;no;0;2;0.666666667;8;6;2;8;0.75;ID132_AdditionalTask_Foil_f_4y;I don't know;;
132;f;54;4;58;4;no;old;no;;no;yes, within 2 trials;4;yes;1;3;0.75;8;6;2;8;0.75;ID132_AdditionalTask_Foil_f_4y;I don't know;;
132;f;54;4;58;4;no;old;no;;no;yes, within 2 trials;5;yes;1;4;0.8;8;6;2;8;0.75;ID132_AdditionalTask_Foil_f_4y;I don't know;;
132;f;54;4;58;4;no;old;no;;no;yes, within 2 trials;6;no;0;4;0.666666667;8;6;2;8;0.75;ID132_AdditionalTask_Foil_f_4y;I don't know;;
132;f;54;4;58;4;no;old;no;;no;yes, within 2 trials;7;yes;1;5;0.714285714;8;6;2;8;0.75;ID132_AdditionalTask_Foil_f_4y;I don't know;;
132;f;54;4;58;4;no;old;no;;no;yes, within 2 trials;8;yes;1;6;0.75;8;6;2;8;0.75;ID132_AdditionalTask_Foil_f_4y;I don't know;;
133;f;64;5;64;5;no;old;no;Experimenter error (ran out of tin foil for last trial), but we can still keep the data;yes;yes, within 2 trials;1;yes;1;1;1;7;5;2;7;0.714285714;ID133_AdditionalTask_Foil_f_5y;;-2.566;-2.166
133;f;64;5;64;5;no;old;no;Experimenter error (ran out of tin foil for last trial), but we can still keep the data;yes;yes, within 2 trials;2;yes;1;2;1;7;5;2;7;0.714285714;ID133_AdditionalTask_Foil_f_5y;;-2.566;-2.166
133;f;64;5;64;5;no;old;no;Experimenter error (ran out of tin foil for last trial), but we can still keep the data;yes;yes, within 2 trials;3;no;0;2;0.666666667;7;5;2;7;0.714285714;ID133_AdditionalTask_Foil_f_5y;;-2.566;-2.166
133;f;64;5;64;5;no;old;no;Experimenter error (ran out of tin foil for last trial), but we can still keep the data;yes;yes, within 2 trials;4;yes;1;3;0.75;7;5;2;7;0.714285714;ID133_AdditionalTask_Foil_f_5y;;-2.566;-2.166
133;f;64;5;64;5;no;old;no;Experimenter error (ran out of tin foil for last trial), but we can still keep the data;yes;yes, within 2 trials;5;no;0;3;0.6;7;5;2;7;0.714285714;ID133_AdditionalTask_Foil_f_5y;;-2.566;-2.166
133;f;64;5;64;5;no;old;no;Experimenter error (ran out of tin foil for last trial), but we can still keep the data;yes;yes, within 2 trials;6;yes;1;4;0.666666667;7;5;2;7;0.714285714;ID133_AdditionalTask_Foil_f_5y;;-2.566;-2.166
133;f;64;5;64;5;no;old;no;Experimenter error (ran out of tin foil for last trial), but we can still keep the data;yes;yes, within 2 trials;7;yes;1;5;0.714285714;7;5;2;7;0.714285714;ID133_AdditionalTask_Foil_f_5y;;-2.566;-2.166
134;m;58;4;59;4;no information;old;no;;no;yes, within 2 trials;1;no;0;0;0;8;3;5;8;0.375;ID134_AdditionalTask_Foil_m_4y;trial 1 of test was re-done as child punched the foil on the cup when showed the cups after the foil is broken with the pen;;
134;m;58;4;59;4;no information;old;no;;no;yes, within 2 trials;2;yes;1;1;0.5;8;3;5;8;0.375;ID134_AdditionalTask_Foil_m_4y;trial 1 of test was re-done as child punched the foil on the cup when showed the cups after the foil is broken with the pen;;
134;m;58;4;59;4;no information;old;no;;no;yes, within 2 trials;3;yes;1;2;0.666666667;8;3;5;8;0.375;ID134_AdditionalTask_Foil_m_4y;trial 1 of test was re-done as child punched the foil on the cup when showed the cups after the foil is broken with the pen;;
134;m;58;4;59;4;no information;old;no;;no;yes, within 2 trials;4;no;0;2;0.5;8;3;5;8;0.375;ID134_AdditionalTask_Foil_m_4y;trial 1 of test was re-done as child punched the foil on the cup when showed the cups after the foil is broken with the pen;;
134;m;58;4;59;4;no information;old;no;;no;yes, within 2 trials;5;no;0;2;0.4;8;3;5;8;0.375;ID134_AdditionalTask_Foil_m_4y;trial 1 of test was re-done as child punched the foil on the cup when showed the cups after the foil is broken with the pen;;
134;m;58;4;59;4;no information;old;no;;no;yes, within 2 trials;6;no;0;2;0.333333333;8;3;5;8;0.375;ID134_AdditionalTask_Foil_m_4y;trial 1 of test was re-done as child punched the foil on the cup when showed the cups after the foil is broken with the pen;;
134;m;58;4;59;4;no information;old;no;;no;yes, within 2 trials;7;yes;1;3;0.428571429;8;3;5;8;0.375;ID134_AdditionalTask_Foil_m_4y;trial 1 of test was re-done as child punched the foil on the cup when showed the cups after the foil is broken with the pen;;
134;m;58;4;59;4;no information;old;no;;no;yes, within 2 trials;8;no;0;3;0.375;8;3;5;8;0.375;ID134_AdditionalTask_Foil_m_4y;trial 1 of test was re-done as child punched the foil on the cup when showed the cups after the foil is broken with the pen;;
135;m;54;4;55;4;no information;old;no;;no;yes, within 2 trials;1;no;0;0;0;8;2;6;8;0.25;ID135_AdditionalTask_Foil_m_4y;;;
135;m;54;4;55;4;no information;old;no;;no;yes, within 2 trials;2;yes;1;1;0.5;8;2;6;8;0.25;ID135_AdditionalTask_Foil_m_4y;;;
135;m;54;4;55;4;no information;old;no;;no;yes, within 2 trials;3;no;0;1;0.333333333;8;2;6;8;0.25;ID135_AdditionalTask_Foil_m_4y;;;
135;m;54;4;55;4;no information;old;no;;no;yes, within 2 trials;4;yes;1;2;0.5;8;2;6;8;0.25;ID135_AdditionalTask_Foil_m_4y;;;
135;m;54;4;55;4;no information;old;no;;no;yes, within 2 trials;5;no;0;2;0.4;8;2;6;8;0.25;ID135_AdditionalTask_Foil_m_4y;;;
135;m;54;4;55;4;no information;old;no;;no;yes, within 2 trials;6;no;0;2;0.333333333;8;2;6;8;0.25;ID135_AdditionalTask_Foil_m_4y;;;
135;m;54;4;55;4;no information;old;no;;no;yes, within 2 trials;7;no;0;2;0.285714286;8;2;6;8;0.25;ID135_AdditionalTask_Foil_m_4y;;;
135;m;54;4;55;4;no information;old;no;;no;yes, within 2 trials;8;no;0;2;0.25;8;2;6;8;0.25;ID135_AdditionalTask_Foil_m_4y;;;
136;m;53;4;54;4;no information;old;yes;sticker in wrong cup;no;yes, within 2 trials;1;yes;1;1;1;5;4;1;5;0.8;ID136_AdditionalTask_Foil_m_4y;in trial 6 sticker was in the wrong cup and child picked it but wasn't sure if he saw the sticker before RA took cup away (she knew it was wrong cup) he then said maybe it is in there and we said oh not there is no sticker and asked to be shown, E tried to tip sticker out but child saw sticker and said 'where did that sticker come from' E ran an extra trial so there were 9 trials total (or 8 if omitting the error trial). This task was conducted on same day as shifting tray without break. ;;
136;m;53;4;54;4;no information;old;yes;sticker in wrong cup;no;yes, within 2 trials;2;yes;1;2;1;5;4;1;5;0.8;ID136_AdditionalTask_Foil_m_4y;in trial 6 sticker was in the wrong cup and child picked it but wasn't sure if he saw the sticker before RA took cup away (she knew it was wrong cup) he then said maybe it is in there and we said oh not there is no sticker and asked to be shown, E tried to tip sticker out but child saw sticker and said 'where did that sticker come from' E ran an extra trial so there were 9 trials total (or 8 if omitting the error trial). This task was conducted on same day as shifting tray without break. ;;
136;m;53;4;54;4;no information;old;yes;sticker in wrong cup;no;yes, within 2 trials;3;yes;1;3;1;5;4;1;5;0.8;ID136_AdditionalTask_Foil_m_4y;in trial 6 sticker was in the wrong cup and child picked it but wasn't sure if he saw the sticker before RA took cup away (she knew it was wrong cup) he then said maybe it is in there and we said oh not there is no sticker and asked to be shown, E tried to tip sticker out but child saw sticker and said 'where did that sticker come from' E ran an extra trial so there were 9 trials total (or 8 if omitting the error trial). This task was conducted on same day as shifting tray without break. ;;
136;m;53;4;54;4;no information;old;yes;sticker in wrong cup;no;yes, within 2 trials;4;yes;1;4;1;5;4;1;5;0.8;ID136_AdditionalTask_Foil_m_4y;in trial 6 sticker was in the wrong cup and child picked it but wasn't sure if he saw the sticker before RA took cup away (she knew it was wrong cup) he then said maybe it is in there and we said oh not there is no sticker and asked to be shown, E tried to tip sticker out but child saw sticker and said 'where did that sticker come from' E ran an extra trial so there were 9 trials total (or 8 if omitting the error trial). This task was conducted on same day as shifting tray without break. ;;
136;m;53;4;54;4;no information;old;yes;sticker in wrong cup;no;yes, within 2 trials;5;no;0;4;0.8;5;4;1;5;0.8;ID136_AdditionalTask_Foil_m_4y;in trial 6 sticker was in the wrong cup and child picked it but wasn't sure if he saw the sticker before RA took cup away (she knew it was wrong cup) he then said maybe it is in there and we said oh not there is no sticker and asked to be shown, E tried to tip sticker out but child saw sticker and said 'where did that sticker come from' E ran an extra trial so there were 9 trials total (or 8 if omitting the error trial). This task was conducted on same day as shifting tray without break. ;;
137;f;43;3;44;3;no;young;no;;no;yes, within 2 trials;1;yes;1;1;1;8;2;6;8;0.25;ID137_AdditionalTask_Foil_f_3y;;;
137;f;43;3;44;3;no;young;no;;no;yes, within 2 trials;2;yes;1;2;1;8;2;6;8;0.25;ID137_AdditionalTask_Foil_f_3y;;;
137;f;43;3;44;3;no;young;no;;no;yes, within 2 trials;3;no;0;2;0.666666667;8;2;6;8;0.25;ID137_AdditionalTask_Foil_f_3y;;;
137;f;43;3;44;3;no;young;no;;no;yes, within 2 trials;4;no;0;2;0.5;8;2;6;8;0.25;ID137_AdditionalTask_Foil_f_3y;;;
137;f;43;3;44;3;no;young;no;;no;yes, within 2 trials;5;no;0;2;0.4;8;2;6;8;0.25;ID137_AdditionalTask_Foil_f_3y;;;
137;f;43;3;44;3;no;young;no;;no;yes, within 2 trials;6;no;0;2;0.333333333;8;2;6;8;0.25;ID137_AdditionalTask_Foil_f_3y;;;
137;f;43;3;44;3;no;young;no;;no;yes, within 2 trials;7;no;0;2;0.285714286;8;2;6;8;0.25;ID137_AdditionalTask_Foil_f_3y;;;
137;f;43;3;44;3;no;young;no;;no;yes, within 2 trials;8;no;0;2;0.25;8;2;6;8;0.25;ID137_AdditionalTask_Foil_f_3y;;;
138;m;45;3;46;3;no;young;no;;no;yes, within 7 trials;1;no;0;0;0;8;3;5;8;0.375;ID138_AdditionalTask_Foil_m_3y;I thought it was in the pink one;;
138;m;45;3;46;3;no;young;no;;no;yes, within 7 trials;2;no;0;0;0;8;3;5;8;0.375;ID138_AdditionalTask_Foil_m_3y;I thought it was in the pink one;;
138;m;45;3;46;3;no;young;no;;no;yes, within 7 trials;3;no;0;0;0;8;3;5;8;0.375;ID138_AdditionalTask_Foil_m_3y;I thought it was in the pink one;;
138;m;45;3;46;3;no;young;no;;no;yes, within 7 trials;4;no;0;0;0;8;3;5;8;0.375;ID138_AdditionalTask_Foil_m_3y;I thought it was in the pink one;;
138;m;45;3;46;3;no;young;no;;no;yes, within 7 trials;5;yes;1;1;0.2;8;3;5;8;0.375;ID138_AdditionalTask_Foil_m_3y;I thought it was in the pink one;;
138;m;45;3;46;3;no;young;no;;no;yes, within 7 trials;6;yes;1;2;0.333333333;8;3;5;8;0.375;ID138_AdditionalTask_Foil_m_3y;I thought it was in the pink one;;
138;m;45;3;46;3;no;young;no;;no;yes, within 7 trials;7;yes;1;3;0.428571429;8;3;5;8;0.375;ID138_AdditionalTask_Foil_m_3y;I thought it was in the pink one;;
138;m;45;3;46;3;no;young;no;;no;yes, within 7 trials;8;no;0;3;0.375;8;3;5;8;0.375;ID138_AdditionalTask_Foil_m_3y;I thought it was in the pink one;;
139;f;42;3;42;3;no information;young;no;;no;yes, within 2 trials;1;no;0;0;0;8;1;7;8;0.125;ID139_AdditionalTask_Foil_f_3y;;;
139;f;42;3;42;3;no information;young;no;;no;yes, within 2 trials;2;no;0;0;0;8;1;7;8;0.125;ID139_AdditionalTask_Foil_f_3y;;;
139;f;42;3;42;3;no information;young;no;;no;yes, within 2 trials;3;no;0;0;0;8;1;7;8;0.125;ID139_AdditionalTask_Foil_f_3y;;;
139;f;42;3;42;3;no information;young;no;;no;yes, within 2 trials;4;no;0;0;0;8;1;7;8;0.125;ID139_AdditionalTask_Foil_f_3y;;;
139;f;42;3;42;3;no information;young;no;;no;yes, within 2 trials;5;yes;1;1;0.2;8;1;7;8;0.125;ID139_AdditionalTask_Foil_f_3y;;;
139;f;42;3;42;3;no information;young;no;;no;yes, within 2 trials;6;no;0;1;0.166666667;8;1;7;8;0.125;ID139_AdditionalTask_Foil_f_3y;;;
139;f;42;3;42;3;no information;young;no;;no;yes, within 2 trials;7;no;0;1;0.142857143;8;1;7;8;0.125;ID139_AdditionalTask_Foil_f_3y;;;
139;f;42;3;42;3;no information;young;no;;no;yes, within 2 trials;8;no;0;1;0.125;8;1;7;8;0.125;ID139_AdditionalTask_Foil_f_3y;;;
140;f;52;4;53;4;no information;old;no;;no;yes, within 2 trials;1;no;0;0;0;8;2;6;8;0.25;ID140_AdditionalTask_Foil_f_4y;camera missed training trials ;;
140;f;52;4;53;4;no information;old;no;;no;yes, within 2 trials;2;yes;1;1;0.5;8;2;6;8;0.25;ID140_AdditionalTask_Foil_f_4y;camera missed training trials ;;
140;f;52;4;53;4;no information;old;no;;no;yes, within 2 trials;3;no;0;1;0.333333333;8;2;6;8;0.25;ID140_AdditionalTask_Foil_f_4y;camera missed training trials ;;
140;f;52;4;53;4;no information;old;no;;no;yes, within 2 trials;4;no;0;1;0.25;8;2;6;8;0.25;ID140_AdditionalTask_Foil_f_4y;camera missed training trials ;;
140;f;52;4;53;4;no information;old;no;;no;yes, within 2 trials;5;no;0;1;0.2;8;2;6;8;0.25;ID140_AdditionalTask_Foil_f_4y;camera missed training trials ;;
140;f;52;4;53;4;no information;old;no;;no;yes, within 2 trials;6;yes;1;2;0.333333333;8;2;6;8;0.25;ID140_AdditionalTask_Foil_f_4y;camera missed training trials ;;
140;f;52;4;53;4;no information;old;no;;no;yes, within 2 trials;7;no;0;2;0.285714286;8;2;6;8;0.25;ID140_AdditionalTask_Foil_f_4y;camera missed training trials ;;
140;f;52;4;53;4;no information;old;no;;no;yes, within 2 trials;8;no;0;2;0.25;8;2;6;8;0.25;ID140_AdditionalTask_Foil_f_4y;camera missed training trials ;;
